,Sequence,Value,Dataset,Task,Split
15898,TCTCCCAAACATACCAGATCGCCACCCGCGCTTTAATCTGGAGAGGTGAAGAATACGACCACCGGGAGA,2.254806097,Tc-Riboswitches,Regression,
15899,AGCACAAAACATACCAGATCGCCACCCGCGCTTTAATCTGGAGAGGTGAAGAATACGACCACCTGTGCT,1.74481316,Tc-Riboswitches,Regression,
15900,CCAGCCAAACATACCAGATCGCCACCCGCGCTTTAATCTGGAGAGGTGAAGAATACGACCACCGGCTGG,2.596767346,Tc-Riboswitches,Regression,
15901,CGGGGGAATAAACATACCAGATCGCCACCCGCGCTTTAATCTGGAGAGGTGAAGAATACGACCACCATTCCCCCG,1.886543226,Tc-Riboswitches,Regression,
15902,ATCGTCAAACATACCAGATCGCCACCCGCGCTTTAATCTGGAGAGGTGAAGAATACGACCACCGACGAT,1.627050059,Tc-Riboswitches,Regression,
15903,AACACCAAACATACCAGATCGCCACCCGCGCTTTAATCTGGAGAGGTGAAGAATACGACCACCGGTGTT,1.92462724,Tc-Riboswitches,Regression,
15904,GAATCCGACAAAACATACCAGATCGCCACCCGCGCTTTAATCTGGAGAGGTGAAGAATACGACCACCTGTCGGATTC,1.74575472,Tc-Riboswitches,Regression,
15905,ACCTCTAAACATACCAGATCGCCACCCGCGCTTTAATCTGGAGAGGTGAAGAATACGACCACCAGAGGT,1.860167383,Tc-Riboswitches,Regression,
15906,AGAGGAAAACATACCAGATCGCCACCCGCGCTTTAATCTGGAGAGGTGAAGAATACGACCACCTCCTCT,2.079793861,Tc-Riboswitches,Regression,
15907,ACACACAAACATACCAGATCGCCACCCGCGCTTTAATCTGGAGAGGTGAAGAATACGACCACCGTGTGT,1.782036397,Tc-Riboswitches,Regression,
15908,CCGAGAAAACATACCAGATCGCCACCCGCGCTTTAATCTGGAGAGGTGAAGAATACGACCACCTCTCGG,1.940757216,Tc-Riboswitches,Regression,
15909,GTCCCAAAACATACCAGATCGCCACCCGCGCTTTAATCTGGAGAGGTGAAGAATACGACCACCTGGGAC,1.822749824,Tc-Riboswitches,Regression,
15910,AGTCTGAAACATACCAGATCGCCACCCGCGCTTTAATCTGGAGAGGTGAAGAATACGACCACCCAGACT,1.911852348,Tc-Riboswitches,Regression,
15911,AATTTGCCAAAACATACCAGATCGCCACCCGCGCTTTAATCTGGAGAGGTGAAGAATACGACCACCTGGCAAATT,1.852924722,Tc-Riboswitches,Regression,
15912,TAGAGCAAACATACCAGATCGCCACCCGCGCTTTAATCTGGAGAGGTGAAGAATACGACCACCGCTCTA,2.402902545,Tc-Riboswitches,Regression,
15913,GCCGTCAAACATACCAGATCGCCACCCGCGCTTTAATCTGGAGAGGTGAAGAATACGACCACCGACGGC,-0.0448105,Tc-Riboswitches,Regression,
15914,TCTGAGAAACATACCAGATCGCCACCCGCGCTTTAATCTGGAGAGGTGAAGAATACGACCACCCTCAGA,0.010754019,Tc-Riboswitches,Regression,
15915,CCTCTTCTCAAAACATACCAGATCGCCACCCGCGCTTTAATCTGGAGAGGTGAAGAATACGACCACCTGAGAAGAGG,1.627685553,Tc-Riboswitches,Regression,
15916,CACATAACAGAAACATACCAGATCGCCACCCGCGCTTTAATCTGGAGAGGTGAAGAATACGACCACCCTGTTATGTG,2.335623671,Tc-Riboswitches,Regression,
15917,CAAACCTACAAAACATACCAGATCGCCACCCGCGCTTTAATCTGGAGAGGTGAAGAATACGACCACCTGTAGGTTTG,2.380751843,Tc-Riboswitches,Regression,
15918,GACGGAAAACATACCAGATCGCCACCCGCGCTTTAATCTGGAGAGGTGAAGAATACGACCACCTCCGTC,1.740361267,Tc-Riboswitches,Regression,
15919,CTGATCAAACATACCAGATCGCCACCCGCGCTTTAATCTGGAGAGGTGAAGAATACGACCACCGATCAG,2.021839414,Tc-Riboswitches,Regression,
15920,CCGAGCTAAACATACCAGATCGCCACCCGCGCTTTAATCTGGAGAGGTGAAGAATACGACCACCAGCTCGG,0.180705078,Tc-Riboswitches,Regression,
15921,TAAACCCAAACATACCAGATCGCCACCCGCGCTTTAATCTGGAGAGGTGAAGAATACGACCACCGGGTTTA,1.942756676,Tc-Riboswitches,Regression,
15922,AGTCCACAAACATACCAGATCGCCACCCGCGCTTTAATCTGGAGAGGTGAAGAATACGACCACCGTGGACT,1.655854187,Tc-Riboswitches,Regression,
15923,GGCTCAAGTCAAACATACCAGATCGCCACCCGCGCTTTAATCTGGAGAGGTGAAGAATACGACCACCGACTTGAGCC,2.684762408,Tc-Riboswitches,Regression,
15924,ACCACCCCTTAAACATACCAGATCGCCACCCGCGCTTTAATCTGGAGAGGTGAAGAATACGACCACCAAGGGGTGGT,1.357538924,Tc-Riboswitches,Regression,
15925,ACGGACAGAGAAACATACCAGATCGCCACCCGCGCTTTAATCTGGAGAGGTGAAGAATACGACCACCCTCTGTCCGT,2.52406749,Tc-Riboswitches,Regression,
15926,AGGGAGCAAACATACCAGATCGCCACCCGCGCTTTAATCTGGAGAGGTGAAGAATACGACCACCGCTCCCT,2.008818812,Tc-Riboswitches,Regression,
15927,GATCACAGTTAAACATACCAGATCGCCACCCGCGCTTTAATCTGGAGAGGTGAAGAATACGACCACCAACTGTGATC,1.860746523,Tc-Riboswitches,Regression,
15928,AGAATGGAAACATACCAGATCGCCACCCGCGCTTTAATCTGGAGAGGTGAAGAATACGACCACCCCATTCT,2.927486356,Tc-Riboswitches,Regression,
15929,TGTCTGTAAACATACCAGATCGCCACCCGCGCTTTAATCTGGAGAGGTGAAGAATACGACCACCACAGACA,1.576716137,Tc-Riboswitches,Regression,
15930,CCGGACCTTCAAACATACCAGATCGCCACCCGCGCTTTAATCTGGAGAGGTGAAGAATACGACCACCGAAGGTCCGG,1.432465657,Tc-Riboswitches,Regression,
15931,GCTTCATAAACATACCAGATCGCCACCCGCGCTTTAATCTGGAGAGGTGAAGAATACGACCACCATGAAGC,2.491055591,Tc-Riboswitches,Regression,
15932,GTCCCTTAAACATACCAGATCGCCACCCGCGCTTTAATCTGGAGAGGTGAAGAATACGACCACCAAGGGAC,2.102554558,Tc-Riboswitches,Regression,
15933,ATCCGAAAAACATACCAGATCGCCACCCGCGCTTTAATCTGGAGAGGTGAAGAATACGACCACCTTCGGAT,2.238850353,Tc-Riboswitches,Regression,
15934,TCGTTACAAACATACCAGATCGCCACCCGCGCTTTAATCTGGAGAGGTGAAGAATACGACCACCGTAACGA,1.79398099,Tc-Riboswitches,Regression,
15935,ACAGTTGAAACATACCAGATCGCCACCCGCGCTTTAATCTGGAGAGGTGAAGAATACGACCACCCAACTGT,1.828686772,Tc-Riboswitches,Regression,
15936,ATCAGAATATAAACATACCAGATCGCCACCCGCGCTTTAATCTGGAGAGGTGAAGAATACGACCACCATATTCTGAT,2.138528916,Tc-Riboswitches,Regression,
15937,GTGACCCAAACATACCAGATCGCCACCCGCGCTTTAATCTGGAGAGGTGAAGAATACGACCACCGGGTCAC,1.713260859,Tc-Riboswitches,Regression,
15938,GTACAGTAAACATACCAGATCGCCACCCGCGCTTTAATCTGGAGAGGTGAAGAATACGACCACCACTGTAC,2.199828069,Tc-Riboswitches,Regression,
15939,AACTCGAAAACATACCAGATCGCCACCCGCGCTTTAATCTGGAGAGGTGAAGAATACGACCACCTCGAGTT,2.428521422,Tc-Riboswitches,Regression,
15940,CCGCTCGAAACATACCAGATCGCCACCCGCGCTTTAATCTGGAGAGGTGAAGAATACGACCACCCGAGCGG,2.232311853,Tc-Riboswitches,Regression,
15941,TCCGATAAAACATACCAGATCGCCACCCGCGCTTTAATCTGGAGAGGTGAAGAATACGACCACCTATCGGA,2.116065544,Tc-Riboswitches,Regression,
15942,GCGATCAAAACATACCAGATCGCCACCCGCGCTTTAATCTGGAGAGGTGAAGAATACGACCACCTGATCGC,2.160159775,Tc-Riboswitches,Regression,
15943,TGAGCACAAACATACCAGATCGCCACCCGCGCTTTAATCTGGAGAGGTGAAGAATACGACCACCGTGCTCA,2.24978822,Tc-Riboswitches,Regression,
15944,TGGTAGAAAACATACCAGATCGCCACCCGCGCTTTAATCTGGAGAGGTGAAGAATACGACCACCTCTACCA,2.134569161,Tc-Riboswitches,Regression,
15945,TTCACACAAACATACCAGATCGCCACCCGCGCTTTAATCTGGAGAGGTGAAGAATACGACCACCGTGTGAA,2.072477937,Tc-Riboswitches,Regression,
15946,ATAAACACAAACATACCAGATCGCCACCCGCGCTTTAATCTGGAGAGGTGAAGAATACGACCACCGTGTTTAT,1.323664614,Tc-Riboswitches,Regression,
15947,ACCACCCTAAACATACCAGATCGCCACCCGCGCTTTAATCTGGAGAGGTGAAGAATACGACCACCAGGGTGGT,1.572025695,Tc-Riboswitches,Regression,
15948,GAAAAAGGAAACATACCAGATCGCCACCCGCGCTTTAATCTGGAGAGGTGAAGAATACGACCACCCCTTTTTC,2.550979106,Tc-Riboswitches,Regression,
15949,GTTTCTCGAAACATACCAGATCGCCACCCGCGCTTTAATCTGGAGAGGTGAAGAATACGACCACCCGAGAAAC,2.074339714,Tc-Riboswitches,Regression,
15950,CGATCCCGAAACATACCAGATCGCCACCCGCGCTTTAATCTGGAGAGGTGAAGAATACGACCACCCGGGATCG,2.506535054,Tc-Riboswitches,Regression,
15951,AAATAGCCAAACATACCAGATCGCCACCCGCGCTTTAATCTGGAGAGGTGAAGAATACGACCACCGGCTATTT,2.728495216,Tc-Riboswitches,Regression,
15952,ACATATCTAGAAACATACCAGATCGCCACCCGCGCTTTAATCTGGAGAGGTGAAGAATACGACCACCCTAGATATGT,2.075798777,Tc-Riboswitches,Regression,
15953,TAATGTCTCAAAACATACCAGATCGCCACCCGCGCTTTAATCTGGAGAGGTGAAGAATACGACCACCTGAGACATTA,2.467336126,Tc-Riboswitches,Regression,
15954,ATTGACCAAAACATACCAGATCGCCACCCGCGCTTTAATCTGGAGAGGTGAAGAATACGACCACCTGGTCAAT,2.530264315,Tc-Riboswitches,Regression,
15955,GGTGTGCCAAACATACCAGATCGCCACCCGCGCTTTAATCTGGAGAGGTGAAGAATACGACCACCGGCACACC,1.958063926,Tc-Riboswitches,Regression,
15956,TCTATGCAAAACATACCAGATCGCCACCCGCGCTTTAATCTGGAGAGGTGAAGAATACGACCACCTGCATAGA,2.265479542,Tc-Riboswitches,Regression,
15957,CCACCAAAAAACATACCAGATCGCCACCCGCGCTTTAATCTGGAGAGGTGAAGAATACGACCACCTTTGGTGG,2.255620088,Tc-Riboswitches,Regression,
15958,TACCCTGCAAACATACCAGATCGCCACCCGCGCTTTAATCTGGAGAGGTGAAGAATACGACCACCGCAGGGTA,2.151428134,Tc-Riboswitches,Regression,
15959,ACGATCCAAAACATACCAGATCGCCACCCGCGCTTTAATCTGGAGAGGTGAAGAATACGACCACCTGGATCGT,2.203548249,Tc-Riboswitches,Regression,
15960,TTTTGCCCAAACATACCAGATCGCCACCCGCGCTTTAATCTGGAGAGGTGAAGAATACGACCACCGGGCAAAA,1.995678942,Tc-Riboswitches,Regression,
15961,AGTCATTAAAACATACCAGATCGCCACCCGCGCTTTAATCTGGAGAGGTGAAGAATACGACCACCTAATGACT,2.28650972,Tc-Riboswitches,Regression,
15962,ATCCAACCAAACATACCAGATCGCCACCCGCGCTTTAATCTGGAGAGGTGAAGAATACGACCACCGGTTGGAT,1.731568019,Tc-Riboswitches,Regression,
15963,AATAGTCTAAACATACCAGATCGCCACCCGCGCTTTAATCTGGAGAGGTGAAGAATACGACCACCAGACTATT,1.798716627,Tc-Riboswitches,Regression,
15964,CTTTCTCCTCAAACATACCAGATCGCCACCCGCGCTTTAATCTGGAGAGGTGAAGAATACGACCACCGAGGAGAAAG,2.322226034,Tc-Riboswitches,Regression,
15965,ACATAGTTCTAAACATACCAGATCGCCACCCGCGCTTTAATCTGGAGAGGTGAAGAATACGACCACCAGAACTATGT,2.290553265,Tc-Riboswitches,Regression,
15966,GTAGTGCTAAACATACCAGATCGCCACCCGCGCTTTAATCTGGAGAGGTGAAGAATACGACCACCAGCACTAC,1.645959911,Tc-Riboswitches,Regression,
15967,AACTCTATAAACATACCAGATCGCCACCCGCGCTTTAATCTGGAGAGGTGAAGAATACGACCACCATAGAGTT,1.841109595,Tc-Riboswitches,Regression,
15968,CCAACGATAAACATACCAGATCGCCACCCGCGCTTTAATCTGGAGAGGTGAAGAATACGACCACCATCGTTGG,1.9779655,Tc-Riboswitches,Regression,
15969,CCGATTCTAAACATACCAGATCGCCACCCGCGCTTTAATCTGGAGAGGTGAAGAATACGACCACCAGAATCGG,0.07668947,Tc-Riboswitches,Regression,
15970,CGAAACACGAAACATACCAGATCGCCACCCGCGCTTTAATCTGGAGAGGTGAAGAATACGACCACCCGTGTTTCG,2.055820093,Tc-Riboswitches,Regression,
15971,CATCACCCAAAACATACCAGATCGCCACCCGCGCTTTAATCTGGAGAGGTGAAGAATACGACCACCTGGGTGATG,0.033404615,Tc-Riboswitches,Regression,
15972,TTAAGAACGTAAACATACCAGATCGCCACCCGCGCTTTAATCTGGAGAGGTGAAGAATACGACCACCACGTTCTTAA,1.776741499,Tc-Riboswitches,Regression,
15973,GCTGTTCCAAAACATACCAGATCGCCACCCGCGCTTTAATCTGGAGAGGTGAAGAATACGACCACCTGGAACAGC,2.496651063,Tc-Riboswitches,Regression,
15974,TCGACTATTAAACATACCAGATCGCCACCCGCGCTTTAATCTGGAGAGGTGAAGAATACGACCACCAATAGTCGA,2.50069131,Tc-Riboswitches,Regression,
15975,TATCAAGTAAAAACATACCAGATCGCCACCCGCGCTTTAATCTGGAGAGGTGAAGAATACGACCACCTTACTTGATA,2.20969694,Tc-Riboswitches,Regression,
15976,AGCCAAAGAAAACATACCAGATCGCCACCCGCGCTTTAATCTGGAGAGGTGAAGAATACGACCACCTCTTTGGCT,2.325009092,Tc-Riboswitches,Regression,
15977,AGCAACTGTAAACATACCAGATCGCCACCCGCGCTTTAATCTGGAGAGGTGAAGAATACGACCACCACAGTTGCT,1.6445203,Tc-Riboswitches,Regression,
15978,TGCGCGTGAAAACATACCAGATCGCCACCCGCGCTTTAATCTGGAGAGGTGAAGAATACGACCACCTCACGCGCA,1.674455412,Tc-Riboswitches,Regression,
15979,TCATAAACCAAACATACCAGATCGCCACCCGCGCTTTAATCTGGAGAGGTGAAGAATACGACCACCGGTTTATGA,1.794687965,Tc-Riboswitches,Regression,
15980,TGTCCTAGTAAACATACCAGATCGCCACCCGCGCTTTAATCTGGAGAGGTGAAGAATACGACCACCACTAGGACA,1.904633517,Tc-Riboswitches,Regression,
15981,TGTTAGTACAAACATACCAGATCGCCACCCGCGCTTTAATCTGGAGAGGTGAAGAATACGACCACCGTACTAACA,1.84099532,Tc-Riboswitches,Regression,
15982,CACACCCCGAAACATACCAGATCGCCACCCGCGCTTTAATCTGGAGAGGTGAAGAATACGACCACCCGGGGTGTG,1.843541791,Tc-Riboswitches,Regression,
15983,AAACCGCACCAAACATACCAGATCGCCACCCGCGCTTTAATCTGGAGAGGTGAAGAATACGACCACCGGTGCGGTTT,1.800471213,Tc-Riboswitches,Regression,
15984,ACGCTGTACAAACATACCAGATCGCCACCCGCGCTTTAATCTGGAGAGGTGAAGAATACGACCACCGTACAGCGT,0.808046563,Tc-Riboswitches,Regression,
15985,CACAACACGAAACATACCAGATCGCCACCCGCGCTTTAATCTGGAGAGGTGAAGAATACGACCACCCGTGTTGTG,-0.337027227,Tc-Riboswitches,Regression,
15986,ATAGACAAGAAACATACCAGATCGCCACCCGCGCTTTAATCTGGAGAGGTGAAGAATACGACCACCCTTGTCTAT,-0.11290282,Tc-Riboswitches,Regression,
15987,GCCCGATTCAAACATACCAGATCGCCACCCGCGCTTTAATCTGGAGAGGTGAAGAATACGACCACCGAATCGGGC,0.182587661,Tc-Riboswitches,Regression,
15988,CGTCGCATAAAACATACCAGATCGCCACCCGCGCTTTAATCTGGAGAGGTGAAGAATACGACCACCTATGCGACG,-0.32573322,Tc-Riboswitches,Regression,
15989,AGGCTTTGAAAACATACCAGATCGCCACCCGCGCTTTAATCTGGAGAGGTGAAGAATACGACCACCTCAAAGCCT,-0.051930115,Tc-Riboswitches,Regression,
15990,GGACTCACTAAACATACCAGATCGCCACCCGCGCTTTAATCTGGAGAGGTGAAGAATACGACCACCAGTGAGTCC,1.980846875,Tc-Riboswitches,Regression,
15991,CTTCTTCTGGAAACATACCAGATCGCCACCCGCGCTTTAATCTGGAGAGGTGAAGAATACGACCACCCCAGAAGAAG,2.304916938,Tc-Riboswitches,Regression,
15992,AAAACGGAAACATACCAGATCGCCACCCGCGCTTTAATCTGGAGAGGTGAAGAATACGACCACCCCGTTTT,1.866494265,Tc-Riboswitches,Regression,
15993,AAACCAACAAACATACCAGATCGCCACCCGCGCTTTAATCTGGAGAGGTGAAGAATACGACCACCGTTGGTTT,2.051924254,Tc-Riboswitches,Regression,
15994,AAACCAGTTCAAACATACCAGATCGCCACCCGCGCTTTAATCTGGAGAGGTGAAGAATACGACCACCGAACTGGTTT,1.660656604,Tc-Riboswitches,Regression,
15995,AAACCGCTAAACATACCAGATCGCCACCCGCGCTTTAATCTGGAGAGGTGAAGAATACGACCACCAGCGGTTT,1.751649545,Tc-Riboswitches,Regression,
15996,AAAGTGCAAACATACCAGATCGCCACCCGCGCTTTAATCTGGAGAGGTGAAGAATACGACCACCGCACTTT,2.221652607,Tc-Riboswitches,Regression,
15997,AAATTCAAACATACCAGATCGCCACCCGCGCTTTAATCTGGAGAGGTGAAGAATACGACCACCGAATTT,2.308328762,Tc-Riboswitches,Regression,
15998,AACTACAAACATACCAGATCGCCACCCGCGCTTTAATCTGGAGAGGTGAAGAATACGACCACCGTAGTT,1.638040527,Tc-Riboswitches,Regression,
15999,AACTGGGTAAACATACCAGATCGCCACCCGCGCTTTAATCTGGAGAGGTGAAGAATACGACCACCACCCAGTT,1.968499586,Tc-Riboswitches,Regression,
16000,AATCGAAAACATACCAGATCGCCACCCGCGCTTTAATCTGGAGAGGTGAAGAATACGACCACCTCGATT,1.968573988,Tc-Riboswitches,Regression,
16001,AATCGACAAAAACATACCAGATCGCCACCCGCGCTTTAATCTGGAGAGGTGAAGAATACGACCACCTTGTCGATT,1.862662091,Tc-Riboswitches,Regression,
16002,ACACAGAAAAACATACCAGATCGCCACCCGCGCTTTAATCTGGAGAGGTGAAGAATACGACCACCTTCTGTGT,2.361761062,Tc-Riboswitches,Regression,
16003,ACAGTTAAACATACCAGATCGCCACCCGCGCTTTAATCTGGAGAGGTGAAGAATACGACCACCAACTGT,2.344997076,Tc-Riboswitches,Regression,
16004,ACGAGCAAACATACCAGATCGCCACCCGCGCTTTAATCTGGAGAGGTGAAGAATACGACCACCGCTCGT,2.343640171,Tc-Riboswitches,Regression,
16005,ACGCCTCGAAACATACCAGATCGCCACCCGCGCTTTAATCTGGAGAGGTGAAGAATACGACCACCCGAGGCGT,2.01477363,Tc-Riboswitches,Regression,
16006,ACTAATAGAAAACATACCAGATCGCCACCCGCGCTTTAATCTGGAGAGGTGAAGAATACGACCACCTCTATTAGT,2.747074538,Tc-Riboswitches,Regression,
16007,ACTTTTAAACATACCAGATCGCCACCCGCGCTTTAATCTGGAGAGGTGAAGAATACGACCACCAAAAGT,2.664118021,Tc-Riboswitches,Regression,
16008,AGACCTCCGAAACATACCAGATCGCCACCCGCGCTTTAATCTGGAGAGGTGAAGAATACGACCACCCGGAGGTCT,1.582720647,Tc-Riboswitches,Regression,
16009,AGCCAGTATAAACATACCAGATCGCCACCCGCGCTTTAATCTGGAGAGGTGAAGAATACGACCACCATACTGGCT,2.774298605,Tc-Riboswitches,Regression,
16010,ATAAGAAAACATACCAGATCGCCACCCGCGCTTTAATCTGGAGAGGTGAAGAATACGACCACCTCTTAT,2.810929236,Tc-Riboswitches,Regression,
16011,ATATACAAACATACCAGATCGCCACCCGCGCTTTAATCTGGAGAGGTGAAGAATACGACCACCGTATAT,1.446158893,Tc-Riboswitches,Regression,
16012,ATATAGTAAACATACCAGATCGCCACCCGCGCTTTAATCTGGAGAGGTGAAGAATACGACCACCACTATAT,1.391785832,Tc-Riboswitches,Regression,
16013,ATTCGGAGAAACATACCAGATCGCCACCCGCGCTTTAATCTGGAGAGGTGAAGAATACGACCACCCTCCGAAT,1.988829889,Tc-Riboswitches,Regression,
16014,ATTGTGTAAACATACCAGATCGCCACCCGCGCTTTAATCTGGAGAGGTGAAGAATACGACCACCACACAAT,1.531299155,Tc-Riboswitches,Regression,
16015,ATTTGCTAAACATACCAGATCGCCACCCGCGCTTTAATCTGGAGAGGTGAAGAATACGACCACCAGCAAAT,2.238282952,Tc-Riboswitches,Regression,
16016,CAAAATAAACATACCAGATCGCCACCCGCGCTTTAATCTGGAGAGGTGAAGAATACGACCACCATTTTG,2.131844991,Tc-Riboswitches,Regression,
16017,CAACAGGAAACATACCAGATCGCCACCCGCGCTTTAATCTGGAGAGGTGAAGAATACGACCACCCCTGTTG,2.503153815,Tc-Riboswitches,Regression,
16018,CAATCGGACGAAACATACCAGATCGCCACCCGCGCTTTAATCTGGAGAGGTGAAGAATACGACCACCCGTCCGATTG,2.372923281,Tc-Riboswitches,Regression,
16019,CACCCTCAAAAACATACCAGATCGCCACCCGCGCTTTAATCTGGAGAGGTGAAGAATACGACCACCTTGAGGGTG,1.391353047,Tc-Riboswitches,Regression,
16020,CACTAACAAACATACCAGATCGCCACCCGCGCTTTAATCTGGAGAGGTGAAGAATACGACCACCGTTAGTG,2.500668245,Tc-Riboswitches,Regression,
16021,CACTTATAAACATACCAGATCGCCACCCGCGCTTTAATCTGGAGAGGTGAAGAATACGACCACCATAAGTG,2.412340109,Tc-Riboswitches,Regression,
16022,CCCGAGAAACATACCAGATCGCCACCCGCGCTTTAATCTGGAGAGGTGAAGAATACGACCACCCTCGGG,2.05097548,Tc-Riboswitches,Regression,
16023,CCGACGGAAAACATACCAGATCGCCACCCGCGCTTTAATCTGGAGAGGTGAAGAATACGACCACCTCCGTCGG,1.436506765,Tc-Riboswitches,Regression,
16024,CCGAGCAAACATACCAGATCGCCACCCGCGCTTTAATCTGGAGAGGTGAAGAATACGACCACCGCTCGG,1.769936132,Tc-Riboswitches,Regression,
16025,CCTGTAAAAACATACCAGATCGCCACCCGCGCTTTAATCTGGAGAGGTGAAGAATACGACCACCTTACAGG,2.396536381,Tc-Riboswitches,Regression,
16026,CGACGAGTAAACATACCAGATCGCCACCCGCGCTTTAATCTGGAGAGGTGAAGAATACGACCACCACTCGTCG,1.767856344,Tc-Riboswitches,Regression,
16027,CGAGCCGCAAACATACCAGATCGCCACCCGCGCTTTAATCTGGAGAGGTGAAGAATACGACCACCGCGGCTCG,1.501404171,Tc-Riboswitches,Regression,
16028,CGCTTTATAAACATACCAGATCGCCACCCGCGCTTTAATCTGGAGAGGTGAAGAATACGACCACCATAAAGCG,2.214166443,Tc-Riboswitches,Regression,
16029,CGGGCGAAAACATACCAGATCGCCACCCGCGCTTTAATCTGGAGAGGTGAAGAATACGACCACCTCGCCCG,1.388242718,Tc-Riboswitches,Regression,
16030,CGGTCCTTAAAAACATACCAGATCGCCACCCGCGCTTTAATCTGGAGAGGTGAAGAATACGACCACCTTAAGGACCG,1.847702792,Tc-Riboswitches,Regression,
16031,CGTATAGAAAACATACCAGATCGCCACCCGCGCTTTAATCTGGAGAGGTGAAGAATACGACCACCTCTATACG,1.522220573,Tc-Riboswitches,Regression,
16032,CGTCAAAAACATACCAGATCGCCACCCGCGCTTTAATCTGGAGAGGTGAAGAATACGACCACCTTGACG,2.480774866,Tc-Riboswitches,Regression,
16033,CTATTAAAAACATACCAGATCGCCACCCGCGCTTTAATCTGGAGAGGTGAAGAATACGACCACCTTAATAG,2.9755097,Tc-Riboswitches,Regression,
16034,CTCACTAAACATACCAGATCGCCACCCGCGCTTTAATCTGGAGAGGTGAAGAATACGACCACCAGTGAG,1.433170032,Tc-Riboswitches,Regression,
16035,CTCGCAGCAAACATACCAGATCGCCACCCGCGCTTTAATCTGGAGAGGTGAAGAATACGACCACCGCTGCGAG,1.762052029,Tc-Riboswitches,Regression,
16036,CTCGCCTCCGAAACATACCAGATCGCCACCCGCGCTTTAATCTGGAGAGGTGAAGAATACGACCACCCGGAGGCGAG,1.97326622,Tc-Riboswitches,Regression,
16037,CTCGTACACAAACATACCAGATCGCCACCCGCGCTTTAATCTGGAGAGGTGAAGAATACGACCACCGTGTACGAG,1.973423933,Tc-Riboswitches,Regression,
16038,CTCTTTACAAACATACCAGATCGCCACCCGCGCTTTAATCTGGAGAGGTGAAGAATACGACCACCGTAAAGAG,2.395784436,Tc-Riboswitches,Regression,
16039,CTGCAAAATAAAACATACCAGATCGCCACCCGCGCTTTAATCTGGAGAGGTGAAGAATACGACCACCTATTTTGCAG,1.781222182,Tc-Riboswitches,Regression,
16040,CTGCGCAAACATACCAGATCGCCACCCGCGCTTTAATCTGGAGAGGTGAAGAATACGACCACCGCGCAG,2.282057597,Tc-Riboswitches,Regression,
16041,CTGTTCAAACATACCAGATCGCCACCCGCGCTTTAATCTGGAGAGGTGAAGAATACGACCACCGAACAG,1.700657186,Tc-Riboswitches,Regression,
16042,CTTAATAAAAAAACATACCAGATCGCCACCCGCGCTTTAATCTGGAGAGGTGAAGAATACGACCACCTTTTATTAAG,3.041944355,Tc-Riboswitches,Regression,
16043,CTTTAGTTTAAACATACCAGATCGCCACCCGCGCTTTAATCTGGAGAGGTGAAGAATACGACCACCAAACTAAAG,1.744263379,Tc-Riboswitches,Regression,
16044,GAATATAAACATACCAGATCGCCACCCGCGCTTTAATCTGGAGAGGTGAAGAATACGACCACCATATTC,1.518562251,Tc-Riboswitches,Regression,
16045,GATAAGAAAACATACCAGATCGCCACCCGCGCTTTAATCTGGAGAGGTGAAGAATACGACCACCTCTTATC,1.704586664,Tc-Riboswitches,Regression,
16046,GATAGTAAACATACCAGATCGCCACCCGCGCTTTAATCTGGAGAGGTGAAGAATACGACCACCACTATC,2.571468388,Tc-Riboswitches,Regression,
16047,GCACACGATAAACATACCAGATCGCCACCCGCGCTTTAATCTGGAGAGGTGAAGAATACGACCACCATCGTGTGC,2.266190707,Tc-Riboswitches,Regression,
16048,GCACGTAAACATACCAGATCGCCACCCGCGCTTTAATCTGGAGAGGTGAAGAATACGACCACCACGTGC,1.714315165,Tc-Riboswitches,Regression,
16049,GCCTAGAGGAAACATACCAGATCGCCACCCGCGCTTTAATCTGGAGAGGTGAAGAATACGACCACCCCTCTAGGC,2.96345578,Tc-Riboswitches,Regression,
16050,GCCTCAACTAAAACATACCAGATCGCCACCCGCGCTTTAATCTGGAGAGGTGAAGAATACGACCACCTAGTTGAGGC,1.630985305,Tc-Riboswitches,Regression,
16051,GCTTTCGCAAACATACCAGATCGCCACCCGCGCTTTAATCTGGAGAGGTGAAGAATACGACCACCGCGAAAGC,2.187475115,Tc-Riboswitches,Regression,
16052,GGATAACCCAAACATACCAGATCGCCACCCGCGCTTTAATCTGGAGAGGTGAAGAATACGACCACCGGGTTATCC,2.392519298,Tc-Riboswitches,Regression,
16053,GGCTAGAAACATACCAGATCGCCACCCGCGCTTTAATCTGGAGAGGTGAAGAATACGACCACCCTAGCC,1.800833505,Tc-Riboswitches,Regression,
16054,GTAAGAGTAAACATACCAGATCGCCACCCGCGCTTTAATCTGGAGAGGTGAAGAATACGACCACCACTCTTAC,2.408598409,Tc-Riboswitches,Regression,
16055,GTACCTAAACATACCAGATCGCCACCCGCGCTTTAATCTGGAGAGGTGAAGAATACGACCACCAGGTAC,1.684690298,Tc-Riboswitches,Regression,
16056,GTTCGACCTAAACATACCAGATCGCCACCCGCGCTTTAATCTGGAGAGGTGAAGAATACGACCACCAGGTCGAAC,1.505250965,Tc-Riboswitches,Regression,
16057,TAACCACGAAACATACCAGATCGCCACCCGCGCTTTAATCTGGAGAGGTGAAGAATACGACCACCCGTGGTTA,2.59006791,Tc-Riboswitches,Regression,
16058,TATCGCTAAACATACCAGATCGCCACCCGCGCTTTAATCTGGAGAGGTGAAGAATACGACCACCAGCGATA,2.428129276,Tc-Riboswitches,Regression,
16059,TCAGACAAACATACCAGATCGCCACCCGCGCTTTAATCTGGAGAGGTGAAGAATACGACCACCGTCTGA,1.612858413,Tc-Riboswitches,Regression,
16060,TCAGTCCTGAAACATACCAGATCGCCACCCGCGCTTTAATCTGGAGAGGTGAAGAATACGACCACCCAGGACTGA,1.651265558,Tc-Riboswitches,Regression,
16061,TCCCCCAATAAACATACCAGATCGCCACCCGCGCTTTAATCTGGAGAGGTGAAGAATACGACCACCATTGGGGGA,0.352721265,Tc-Riboswitches,Regression,
16062,TCCCCCTTACAAACATACCAGATCGCCACCCGCGCTTTAATCTGGAGAGGTGAAGAATACGACCACCGTAAGGGGGA,1.31853823,Tc-Riboswitches,Regression,
16063,TCCGGACACAAACATACCAGATCGCCACCCGCGCTTTAATCTGGAGAGGTGAAGAATACGACCACCGTGTCCGGA,0.104223604,Tc-Riboswitches,Regression,
16064,TCGCGCCGTAAAACATACCAGATCGCCACCCGCGCTTTAATCTGGAGAGGTGAAGAATACGACCACCTACGGCGCGA,1.864396789,Tc-Riboswitches,Regression,
16065,TCTACAGAAACATACCAGATCGCCACCCGCGCTTTAATCTGGAGAGGTGAAGAATACGACCACCCTGTAGA,0.0844294,Tc-Riboswitches,Regression,
16066,TCTGACAAACATACCAGATCGCCACCCGCGCTTTAATCTGGAGAGGTGAAGAATACGACCACCGTCAGA,1.648897297,Tc-Riboswitches,Regression,
16067,TGAGCCAAGAAAACATACCAGATCGCCACCCGCGCTTTAATCTGGAGAGGTGAAGAATACGACCACCTCTTGGCTCA,1.737531163,Tc-Riboswitches,Regression,
16068,TGCGAAAGTTAAACATACCAGATCGCCACCCGCGCTTTAATCTGGAGAGGTGAAGAATACGACCACCAACTTTCGCA,1.543177508,Tc-Riboswitches,Regression,
16069,TGCTCGAAACATACCAGATCGCCACCCGCGCTTTAATCTGGAGAGGTGAAGAATACGACCACCCGAGCA,1.687930122,Tc-Riboswitches,Regression,
16070,TGGCTGGATCAAACATACCAGATCGCCACCCGCGCTTTAATCTGGAGAGGTGAAGAATACGACCACCGATCCAGCCA,2.055954186,Tc-Riboswitches,Regression,
16071,TGGTACCAAAAACATACCAGATCGCCACCCGCGCTTTAATCTGGAGAGGTGAAGAATACGACCACCTTGGTACCA,1.838549272,Tc-Riboswitches,Regression,
16072,TTAAGGCTTAAAACATACCAGATCGCCACCCGCGCTTTAATCTGGAGAGGTGAAGAATACGACCACCTAAGCCTTAA,1.357416832,Tc-Riboswitches,Regression,
16073,TTGCAAGATAAACATACCAGATCGCCACCCGCGCTTTAATCTGGAGAGGTGAAGAATACGACCACCATCTTGCAA,2.456196861,Tc-Riboswitches,Regression,
16074,TTTGAAAAACATACCAGATCGCCACCCGCGCTTTAATCTGGAGAGGTGAAGAATACGACCACCTTCAAA,1.485766171,Tc-Riboswitches,Regression,
16075,ATAGTTCCGAAACATACCAGATCGCCACCCGCGCTTTAATCTGGAGAGGTGAAGAATACGACCACCCGGAACTAT,2.115012373,Tc-Riboswitches,Regression,
16076,GGTTGTCGAAACATACCAGATCGCCACCCGCGCTTTAATCTGGAGAGGTGAAGAATACGACCACCCGACAACC,2.840469452,Tc-Riboswitches,Regression,
16077,AGGTTATCAAACATACCAGATCGCCACCCGCGCTTTAATCTGGAGAGGTGAAGAATACGACCACCGATAACCT,2.650437337,Tc-Riboswitches,Regression,
16078,GCTGCTGGAAACATACCAGATCGCCACCCGCGCTTTAATCTGGAGAGGTGAAGAATACGACCACCCCAGCAGC,2.758994571,Tc-Riboswitches,Regression,
16079,CACTGGAAAACATACCAGATCGCCACCCGCGCTTTAATCTGGAGAGGTGAAGAATACGACCACCTCCAGTG,1.988201135,Tc-Riboswitches,Regression,
16080,AAGCTCTTAGAAACATACCAGATCGCCACCCGCGCTTTAATCTGGAGAGGTGAAGAATACGACCACCCTAAGAGCTT,2.455361922,Tc-Riboswitches,Regression,
16081,TCTCGGAAACATACCAGATCGCCACCCGCGCTTTAATCTGGAGAGGTGAAGAATACGACCACCCCGAGA,1.978003381,Tc-Riboswitches,Regression,
16082,CCCACTAAAACATACCAGATCGCCACCCGCGCTTTAATCTGGAGAGGTGAAGAATACGACCACCTAGTGGG,2.512967447,Tc-Riboswitches,Regression,
16083,TTAGGGAGGAAACATACCAGATCGCCACCCGCGCTTTAATCTGGAGAGGTGAAGAATACGACCACCCCTCCCTAA,2.827897222,Tc-Riboswitches,Regression,
16084,TCCTGCATTAAAACATACCAGATCGCCACCCGCGCTTTAATCTGGAGAGGTGAAGAATACGACCACCTAATGCAGGA,2.424421748,Tc-Riboswitches,Regression,
16085,TCCCACATCAAACATACCAGATCGCCACCCGCGCTTTAATCTGGAGAGGTGAAGAATACGACCACCGATGTGGGA,3.021989655,Tc-Riboswitches,Regression,
16086,CCCCGGAAAAACATACCAGATCGCCACCCGCGCTTTAATCTGGAGAGGTGAAGAATACGACCACCTTCCGGGG,2.391745777,Tc-Riboswitches,Regression,
16087,CACTTTGTCAAACATACCAGATCGCCACCCGCGCTTTAATCTGGAGAGGTGAAGAATACGACCACCGACAAAGTG,2.288101506,Tc-Riboswitches,Regression,
16088,AGTGGTGTAAAACATACCAGATCGCCACCCGCGCTTTAATCTGGAGAGGTGAAGAATACGACCACCTACACCACT,2.589449591,Tc-Riboswitches,Regression,
16089,GGCGCAAACATACCAGATCGCCACCCGCGCTTTAATCTGGAGAGGTGAAGAATACGACCACCGCGCC,2.364275752,Tc-Riboswitches,Regression,
16090,CGGACCGAAACATACCAGATCGCCACCCGCGCTTTAATCTGGAGAGGTGAAGAATACGACCACCCGGTCCG,2.558969573,Tc-Riboswitches,Regression,
16091,TACGACGAAAAACATACCAGATCGCCACCCGCGCTTTAATCTGGAGAGGTGAAGAATACGACCACCTTCGTCGTA,2.092316093,Tc-Riboswitches,Regression,
16092,CCTGGGTGAAACATACCAGATCGCCACCCGCGCTTTAATCTGGAGAGGTGAAGAATACGACCACCCACCCAGG,2.935502158,Tc-Riboswitches,Regression,
16093,GGCCCCAAACATACCAGATCGCCACCCGCGCTTTAATCTGGAGAGGTGAAGAATACGACCACCGGGGCC,2.728653032,Tc-Riboswitches,Regression,
16094,CTTACAGCTAAACATACCAGATCGCCACCCGCGCTTTAATCTGGAGAGGTGAAGAATACGACCACCAGCTGTAAG,2.326941097,Tc-Riboswitches,Regression,
16095,CTCTACTAAACATACCAGATCGCCACCCGCGCTTTAATCTGGAGAGGTGAAGAATACGACCACCAGTAGAG,2.207672398,Tc-Riboswitches,Regression,
16096,CTGCGGAAACATACCAGATCGCCACCCGCGCTTTAATCTGGAGAGGTGAAGAATACGACCACCCCGCAG,2.399721559,Tc-Riboswitches,Regression,
16097,CCTCTCTGAAAACATACCAGATCGCCACCCGCGCTTTAATCTGGAGAGGTGAAGAATACGACCACCTCAGAGAGG,2.057146838,Tc-Riboswitches,Regression,
16098,CTGACAGAACAAACATACCAGATCGCCACCCGCGCTTTAATCTGGAGAGGTGAAGAATACGACCACCGTTCTGTCAG,2.343461323,Tc-Riboswitches,Regression,
16099,AGGGCATCAAACATACCAGATCGCCACCCGCGCTTTAATCTGGAGAGGTGAAGAATACGACCACCGATGCCCT,3.137676103,Tc-Riboswitches,Regression,
16100,GGCTCCTAAACATACCAGATCGCCACCCGCGCTTTAATCTGGAGAGGTGAAGAATACGACCACCAGGAGCC,2.810681758,Tc-Riboswitches,Regression,
16101,TAGCTCAAACATACCAGATCGCCACCCGCGCTTTAATCTGGAGAGGTGAAGAATACGACCACCGAGCTA,2.051528795,Tc-Riboswitches,Regression,
16102,ACATCCAGAAACATACCAGATCGCCACCCGCGCTTTAATCTGGAGAGGTGAAGAATACGACCACCCTGGATGT,2.245819664,Tc-Riboswitches,Regression,
16103,GGAGAGGACAAACATACCAGATCGCCACCCGCGCTTTAATCTGGAGAGGTGAAGAATACGACCACCGTCCTCTCC,1.488767558,Tc-Riboswitches,Regression,
16104,GTCTAGTAAACATACCAGATCGCCACCCGCGCTTTAATCTGGAGAGGTGAAGAATACGACCACCACTAGAC,2.171312455,Tc-Riboswitches,Regression,
16105,CCACACAAACATACCAGATCGCCACCCGCGCTTTAATCTGGAGAGGTGAAGAATACGACCACCGTGTGG,2.133788636,Tc-Riboswitches,Regression,
16106,GGATACTAAACATACCAGATCGCCACCCGCGCTTTAATCTGGAGAGGTGAAGAATACGACCACCAGTATCC,2.256179639,Tc-Riboswitches,Regression,
16107,CGGCGAAAACATACCAGATCGCCACCCGCGCTTTAATCTGGAGAGGTGAAGAATACGACCACCTCGCCG,1.970544185,Tc-Riboswitches,Regression,
16108,CTTACGCTTAAACATACCAGATCGCCACCCGCGCTTTAATCTGGAGAGGTGAAGAATACGACCACCAAGCGTAAG,2.276651644,Tc-Riboswitches,Regression,
16109,TCTCGTGCAAACATACCAGATCGCCACCCGCGCTTTAATCTGGAGAGGTGAAGAATACGACCACCGCACGAGA,2.22727868,Tc-Riboswitches,Regression,
16110,CGTCAGTATTAAACATACCAGATCGCCACCCGCGCTTTAATCTGGAGAGGTGAAGAATACGACCACCAATACTGACG,2.084226458,Tc-Riboswitches,Regression,
16111,CCGCCCAAAACATACCAGATCGCCACCCGCGCTTTAATCTGGAGAGGTGAAGAATACGACCACCTGGGCGG,2.702479203,Tc-Riboswitches,Regression,
16112,CTCGTCATTTAAACATACCAGATCGCCACCCGCGCTTTAATCTGGAGAGGTGAAGAATACGACCACCAAATGACGAG,2.197608474,Tc-Riboswitches,Regression,
16113,AGTGTCGAAACATACCAGATCGCCACCCGCGCTTTAATCTGGAGAGGTGAAGAATACGACCACCCGACACT,2.025677542,Tc-Riboswitches,Regression,
16114,AGTAATCTGCAAACATACCAGATCGCCACCCGCGCTTTAATCTGGAGAGGTGAAGAATACGACCACCGCAGATTACT,2.59317938,Tc-Riboswitches,Regression,
16115,GGTGCTAAACATACCAGATCGCCACCCGCGCTTTAATCTGGAGAGGTGAAGAATACGACCACCAGCACC,2.532399275,Tc-Riboswitches,Regression,
16116,ATCGGTGACAAACATACCAGATCGCCACCCGCGCTTTAATCTGGAGAGGTGAAGAATACGACCACCGTCACCGAT,2.804556718,Tc-Riboswitches,Regression,
16117,TCTCGCTAAACATACCAGATCGCCACCCGCGCTTTAATCTGGAGAGGTGAAGAATACGACCACCAGCGAGA,2.41565479,Tc-Riboswitches,Regression,
16118,GTAGTCGATAAACATACCAGATCGCCACCCGCGCTTTAATCTGGAGAGGTGAAGAATACGACCACCATCGACTAC,2.339060939,Tc-Riboswitches,Regression,
16119,CGCAGCAAACATACCAGATCGCCACCCGCGCTTTAATCTGGAGAGGTGAAGAATACGACCACCGCTGCG,2.394102218,Tc-Riboswitches,Regression,
16120,CCTTAGCAAACATACCAGATCGCCACCCGCGCTTTAATCTGGAGAGGTGAAGAATACGACCACCGCTAAGG,2.220813683,Tc-Riboswitches,Regression,
16121,CACAGCAAACATACCAGATCGCCACCCGCGCTTTAATCTGGAGAGGTGAAGAATACGACCACCGCTGTG,2.110371493,Tc-Riboswitches,Regression,
16122,GGATTGGAAAACATACCAGATCGCCACCCGCGCTTTAATCTGGAGAGGTGAAGAATACGACCACCTCCAATCC,2.232253263,Tc-Riboswitches,Regression,
16123,CACACCGAAACATACCAGATCGCCACCCGCGCTTTAATCTGGAGAGGTGAAGAATACGACCACCCGGTGTG,2.310942107,Tc-Riboswitches,Regression,
16124,CGTCATCAAACATACCAGATCGCCACCCGCGCTTTAATCTGGAGAGGTGAAGAATACGACCACCGATGACG,2.11943583,Tc-Riboswitches,Regression,
16125,GAAGAAACACAAACATACCAGATCGCCACCCGCGCTTTAATCTGGAGAGGTGAAGAATACGACCACCGTGTTTCTTC,2.426676918,Tc-Riboswitches,Regression,
16126,CACTGGACAAACATACCAGATCGCCACCCGCGCTTTAATCTGGAGAGGTGAAGAATACGACCACCGTCCAGTG,2.73082517,Tc-Riboswitches,Regression,
16127,ATTGGGCCAAACATACCAGATCGCCACCCGCGCTTTAATCTGGAGAGGTGAAGAATACGACCACCGGCCCAAT,3.02617987,Tc-Riboswitches,Regression,
16128,GCTTGGACAAACATACCAGATCGCCACCCGCGCTTTAATCTGGAGAGGTGAAGAATACGACCACCGTCCAAGC,2.66690724,Tc-Riboswitches,Regression,
16129,TCCGTATTGAAAACATACCAGATCGCCACCCGCGCTTTAATCTGGAGAGGTGAAGAATACGACCACCTCAATACGGA,2.255757108,Tc-Riboswitches,Regression,
16130,TACGACAAGAAACATACCAGATCGCCACCCGCGCTTTAATCTGGAGAGGTGAAGAATACGACCACCCTTGTCGTA,2.197785851,Tc-Riboswitches,Regression,
16131,CACGGGAAACATACCAGATCGCCACCCGCGCTTTAATCTGGAGAGGTGAAGAATACGACCACCCCCGTG,2.390981597,Tc-Riboswitches,Regression,
16132,TAGCTTAGAAACATACCAGATCGCCACCCGCGCTTTAATCTGGAGAGGTGAAGAATACGACCACCCTAAGCTA,1.533893467,Tc-Riboswitches,Regression,
16133,TCGGATAGAAACATACCAGATCGCCACCCGCGCTTTAATCTGGAGAGGTGAAGAATACGACCACCCTATCCGA,2.347496169,Tc-Riboswitches,Regression,
16134,CTGGCTAACAAACATACCAGATCGCCACCCGCGCTTTAATCTGGAGAGGTGAAGAATACGACCACCGTTAGCCAG,2.804784863,Tc-Riboswitches,Regression,
16135,CCCGTGAAACATACCAGATCGCCACCCGCGCTTTAATCTGGAGAGGTGAAGAATACGACCACCCACGGG,2.629752798,Tc-Riboswitches,Regression,
16136,TCGTAAACCTAAACATACCAGATCGCCACCCGCGCTTTAATCTGGAGAGGTGAAGAATACGACCACCAGGTTTACGA,2.12120496,Tc-Riboswitches,Regression,
16137,GAGGAGAAAACATACCAGATCGCCACCCGCGCTTTAATCTGGAGAGGTGAAGAATACGACCACCTCTCCTC,1.291760023,Tc-Riboswitches,Regression,
16138,AGGCATCCAAACATACCAGATCGCCACCCGCGCTTTAATCTGGAGAGGTGAAGAATACGACCACCGGATGCCT,2.997040366,Tc-Riboswitches,Regression,
16139,GCGACGAAACATACCAGATCGCCACCCGCGCTTTAATCTGGAGAGGTGAAGAATACGACCACCCGTCGC,1.989986987,Tc-Riboswitches,Regression,
16140,CGTTCCATAAAACATACCAGATCGCCACCCGCGCTTTAATCTGGAGAGGTGAAGAATACGACCACCTATGGAACG,2.538188151,Tc-Riboswitches,Regression,
16141,ACCACAGTAAACATACCAGATCGCCACCCGCGCTTTAATCTGGAGAGGTGAAGAATACGACCACCACTGTGGT,2.350906529,Tc-Riboswitches,Regression,
16142,GCAGACCAAAACATACCAGATCGCCACCCGCGCTTTAATCTGGAGAGGTGAAGAATACGACCACCTGGTCTGC,2.332987115,Tc-Riboswitches,Regression,
16143,ACCTTCTGAAACATACCAGATCGCCACCCGCGCTTTAATCTGGAGAGGTGAAGAATACGACCACCCAGAAGGT,2.658650386,Tc-Riboswitches,Regression,
16144,TCACAGAGTAAACATACCAGATCGCCACCCGCGCTTTAATCTGGAGAGGTGAAGAATACGACCACCACTCTGTGA,2.248922691,Tc-Riboswitches,Regression,
16145,TCTTACACAAACATACCAGATCGCCACCCGCGCTTTAATCTGGAGAGGTGAAGAATACGACCACCGTGTAAGA,2.015098235,Tc-Riboswitches,Regression,
16146,TTCCAGAAGAAACATACCAGATCGCCACCCGCGCTTTAATCTGGAGAGGTGAAGAATACGACCACCCTTCTGGAA,2.293708338,Tc-Riboswitches,Regression,
16147,GCATACCCAAAACATACCAGATCGCCACCCGCGCTTTAATCTGGAGAGGTGAAGAATACGACCACCTGGGTATGC,2.533540099,Tc-Riboswitches,Regression,
16148,CAGCTCAGAAACATACCAGATCGCCACCCGCGCTTTAATCTGGAGAGGTGAAGAATACGACCACCCTGAGCTG,2.600461268,Tc-Riboswitches,Regression,
16149,CACGCCTGAAACATACCAGATCGCCACCCGCGCTTTAATCTGGAGAGGTGAAGAATACGACCACCCAGGCGTG,2.74534418,Tc-Riboswitches,Regression,
16150,GATACCTTGGAAACATACCAGATCGCCACCCGCGCTTTAATCTGGAGAGGTGAAGAATACGACCACCCCAAGGTATC,2.321728585,Tc-Riboswitches,Regression,
16151,CCAGACAAACATACCAGATCGCCACCCGCGCTTTAATCTGGAGAGGTGAAGAATACGACCACCGTCTGG,2.389520986,Tc-Riboswitches,Regression,
16152,TCAGAGTCAAAACATACCAGATCGCCACCCGCGCTTTAATCTGGAGAGGTGAAGAATACGACCACCTGACTCTGA,2.228578871,Tc-Riboswitches,Regression,
16153,GTAGAGTAAACATACCAGATCGCCACCCGCGCTTTAATCTGGAGAGGTGAAGAATACGACCACCACTCTAC,2.068157718,Tc-Riboswitches,Regression,
16154,CTGGGCAAACATACCAGATCGCCACCCGCGCTTTAATCTGGAGAGGTGAAGAATACGACCACCGCCCAG,2.506945994,Tc-Riboswitches,Regression,
16155,CAACCCCCAAACATACCAGATCGCCACCCGCGCTTTAATCTGGAGAGGTGAAGAATACGACCACCGGGGGTTG,2.226792774,Tc-Riboswitches,Regression,
16156,GCGGGAGTAAACATACCAGATCGCCACCCGCGCTTTAATCTGGAGAGGTGAAGAATACGACCACCACTCCCGC,2.725835881,Tc-Riboswitches,Regression,
16157,CATCCAGGAAACATACCAGATCGCCACCCGCGCTTTAATCTGGAGAGGTGAAGAATACGACCACCCCTGGATG,2.61475111,Tc-Riboswitches,Regression,
16158,AGGCTCAAAACATACCAGATCGCCACCCGCGCTTTAATCTGGAGAGGTGAAGAATACGACCACCTGAGCCT,2.090162478,Tc-Riboswitches,Regression,
16159,TCAGGGTCAAACATACCAGATCGCCACCCGCGCTTTAATCTGGAGAGGTGAAGAATACGACCACCGACCCTGA,2.638665771,Tc-Riboswitches,Regression,
16160,AGGACGCTAAACATACCAGATCGCCACCCGCGCTTTAATCTGGAGAGGTGAAGAATACGACCACCAGCGTCCT,2.274490567,Tc-Riboswitches,Regression,
16161,AGCGCCTGAAACATACCAGATCGCCACCCGCGCTTTAATCTGGAGAGGTGAAGAATACGACCACCCAGGCGCT,2.756147133,Tc-Riboswitches,Regression,
16162,AGGCTCGTAAACATACCAGATCGCCACCCGCGCTTTAATCTGGAGAGGTGAAGAATACGACCACCACGAGCCT,2.453434703,Tc-Riboswitches,Regression,
16163,CCGCTGGAAAACATACCAGATCGCCACCCGCGCTTTAATCTGGAGAGGTGAAGAATACGACCACCTCCAGCGG,2.685417017,Tc-Riboswitches,Regression,
16164,TCGAGCGCAAACATACCAGATCGCCACCCGCGCTTTAATCTGGAGAGGTGAAGAATACGACCACCGCGCTCGA,2.541462561,Tc-Riboswitches,Regression,
16165,AAGCGTCCAAACATACCAGATCGCCACCCGCGCTTTAATCTGGAGAGGTGAAGAATACGACCACCGGACGCTT,2.35979684,Tc-Riboswitches,Regression,
16166,TACCGAGCAAACATACCAGATCGCCACCCGCGCTTTAATCTGGAGAGGTGAAGAATACGACCACCGCTCGGTA,2.980210282,Tc-Riboswitches,Regression,
16167,TCAGGTCCAAACATACCAGATCGCCACCCGCGCTTTAATCTGGAGAGGTGAAGAATACGACCACCGGACCTGA,2.596147859,Tc-Riboswitches,Regression,
16168,ATCTGGGCAAACATACCAGATCGCCACCCGCGCTTTAATCTGGAGAGGTGAAGAATACGACCACCGCCCAGAT,2.472629571,Tc-Riboswitches,Regression,
16169,CGCCAGGTAAACATACCAGATCGCCACCCGCGCTTTAATCTGGAGAGGTGAAGAATACGACCACCACCTGGCG,2.861282618,Tc-Riboswitches,Regression,
16170,AGTGCCCGAAACATACCAGATCGCCACCCGCGCTTTAATCTGGAGAGGTGAAGAATACGACCACCCGGGCACT,2.392832875,Tc-Riboswitches,Regression,
16171,AGCTCGGAAAACATACCAGATCGCCACCCGCGCTTTAATCTGGAGAGGTGAAGAATACGACCACCTCCGAGCT,2.385915902,Tc-Riboswitches,Regression,
16172,AGGTTCCCAAACATACCAGATCGCCACCCGCGCTTTAATCTGGAGAGGTGAAGAATACGACCACCGGGAACCT,2.336521833,Tc-Riboswitches,Regression,
16173,TCGTGGACAAACATACCAGATCGCCACCCGCGCTTTAATCTGGAGAGGTGAAGAATACGACCACCGTCCACGA,2.698454983,Tc-Riboswitches,Regression,
16174,TTGCGCCAAAACATACCAGATCGCCACCCGCGCTTTAATCTGGAGAGGTGAAGAATACGACCACCTGGCGCAA,2.351072874,Tc-Riboswitches,Regression,
16175,CGGCGCTAAAACATACCAGATCGCCACCCGCGCTTTAATCTGGAGAGGTGAAGAATACGACCACCTAGCGCCG,2.709233031,Tc-Riboswitches,Regression,
16176,CGAGCGCTAAACATACCAGATCGCCACCCGCGCTTTAATCTGGAGAGGTGAAGAATACGACCACCAGCGCTCG,2.941065061,Tc-Riboswitches,Regression,
16177,TCCAGCTGAAACATACCAGATCGCCACCCGCGCTTTAATCTGGAGAGGTGAAGAATACGACCACCCAGCTGGA,2.426664142,Tc-Riboswitches,Regression,
16178,AGCTTGCCAAACATACCAGATCGCCACCCGCGCTTTAATCTGGAGAGGTGAAGAATACGACCACCGGCAAGCT,2.472214537,Tc-Riboswitches,Regression,
16179,TCCAGGCTAAACATACCAGATCGCCACCCGCGCTTTAATCTGGAGAGGTGAAGAATACGACCACCAGCCTGGA,2.873375193,Tc-Riboswitches,Regression,
16180,TCCAGGAGAAACATACCAGATCGCCACCCGCGCTTTAATCTGGAGAGGTGAAGAATACGACCACCCTCCTGGA,2.441505745,Tc-Riboswitches,Regression,
16181,CGCGGCATAAACATACCAGATCGCCACCCGCGCTTTAATCTGGAGAGGTGAAGAATACGACCACCATGCCGCG,2.379639673,Tc-Riboswitches,Regression,
16182,ACGTGGCAAAACATACCAGATCGCCACCCGCGCTTTAATCTGGAGAGGTGAAGAATACGACCACCTGCCACGT,2.315605001,Tc-Riboswitches,Regression,
16183,TAGCACGCAAACATACCAGATCGCCACCCGCGCTTTAATCTGGAGAGGTGAAGAATACGACCACCGCGTGCTA,2.442328171,Tc-Riboswitches,Regression,
16184,ACTCTGGCAAACATACCAGATCGCCACCCGCGCTTTAATCTGGAGAGGTGAAGAATACGACCACCGCCAGAGT,2.536158094,Tc-Riboswitches,Regression,
16185,ATACGGCCAAACATACCAGATCGCCACCCGCGCTTTAATCTGGAGAGGTGAAGAATACGACCACCGGCCGTAT,2.408863831,Tc-Riboswitches,Regression,
16186,TAGCGCGAAAACATACCAGATCGCCACCCGCGCTTTAATCTGGAGAGGTGAAGAATACGACCACCTCGCGCTA,2.113777192,Tc-Riboswitches,Regression,
16187,AGTCGGCAAAACATACCAGATCGCCACCCGCGCTTTAATCTGGAGAGGTGAAGAATACGACCACCTGCCGACT,2.52993526,Tc-Riboswitches,Regression,
16188,ACTGCCGGAAACATACCAGATCGCCACCCGCGCTTTAATCTGGAGAGGTGAAGAATACGACCACCCCGGCAGT,2.75600031,Tc-Riboswitches,Regression,
16189,TCGGCTCAAAACATACCAGATCGCCACCCGCGCTTTAATCTGGAGAGGTGAAGAATACGACCACCTGAGCCGA,2.390888687,Tc-Riboswitches,Regression,
16190,AGGCGCTAAAACATACCAGATCGCCACCCGCGCTTTAATCTGGAGAGGTGAAGAATACGACCACCTAGCGCCT,2.606616932,Tc-Riboswitches,Regression,
16191,CCTGCGGAAAACATACCAGATCGCCACCCGCGCTTTAATCTGGAGAGGTGAAGAATACGACCACCTCCGCAGG,2.600083613,Tc-Riboswitches,Regression,
16192,AGCGTCCGAAACATACCAGATCGCCACCCGCGCTTTAATCTGGAGAGGTGAAGAATACGACCACCCGGACGCT,2.580119455,Tc-Riboswitches,Regression,
16193,ACTGGGACAAACATACCAGATCGCCACCCGCGCTTTAATCTGGAGAGGTGAAGAATACGACCACCGTCCCAGT,2.81929722,Tc-Riboswitches,Regression,
16194,TTGGCCACAAACATACCAGATCGCCACCCGCGCTTTAATCTGGAGAGGTGAAGAATACGACCACCGTGGCCAA,2.406883983,Tc-Riboswitches,Regression,
16195,CGGTCGACAAACATACCAGATCGCCACCCGCGCTTTAATCTGGAGAGGTGAAGAATACGACCACCGTCGACCG,2.781633445,Tc-Riboswitches,Regression,
16196,TCGCGAGCAAACATACCAGATCGCCACCCGCGCTTTAATCTGGAGAGGTGAAGAATACGACCACCGCTCGCGA,3.032310375,Tc-Riboswitches,Regression,
16197,CGTCGGCAAAACATACCAGATCGCCACCCGCGCTTTAATCTGGAGAGGTGAAGAATACGACCACCTGCCGACG,2.975526519,Tc-Riboswitches,Regression,
16198,ACCTCAGGAAACATACCAGATCGCCACCCGCGCTTTAATCTGGAGAGGTGAAGAATACGACCACCCCTGAGGT,2.355999514,Tc-Riboswitches,Regression,
16199,TTAGGGCCAAACATACCAGATCGCCACCCGCGCTTTAATCTGGAGAGGTGAAGAATACGACCACCGGCCCTAA,2.307952755,Tc-Riboswitches,Regression,
16200,ACGGTCACAAACATACCAGATCGCCACCCGCGCTTTAATCTGGAGAGGTGAAGAATACGACCACCGTGACCGT,2.392344201,Tc-Riboswitches,Regression,
16201,CGGAGCCTAAACATACCAGATCGCCACCCGCGCTTTAATCTGGAGAGGTGAAGAATACGACCACCAGGCTCCG,2.308798849,Tc-Riboswitches,Regression,
16202,ACGGGATCAAACATACCAGATCGCCACCCGCGCTTTAATCTGGAGAGGTGAAGAATACGACCACCGATCCCGT,2.449474474,Tc-Riboswitches,Regression,
16203,CCAGGCTAAAACATACCAGATCGCCACCCGCGCTTTAATCTGGAGAGGTGAAGAATACGACCACCTAGCCTGG,2.725766606,Tc-Riboswitches,Regression,
16204,TCGCAGGAAAACATACCAGATCGCCACCCGCGCTTTAATCTGGAGAGGTGAAGAATACGACCACCTCCTGCGA,2.744712635,Tc-Riboswitches,Regression,
16205,CGTGGACCAAACATACCAGATCGCCACCCGCGCTTTAATCTGGAGAGGTGAAGAATACGACCACCGGTCCACG,2.513321168,Tc-Riboswitches,Regression,
16206,GCCCTGAGAAACATACCAGATCGCCACCCGCGCTTTAATCTGGAGAGGTGAAGAATACGACCACCCTCAGGGC,2.566245526,Tc-Riboswitches,Regression,
16207,GACCGTGCAAACATACCAGATCGCCACCCGCGCTTTAATCTGGAGAGGTGAAGAATACGACCACCGCACGGTC,2.473070704,Tc-Riboswitches,Regression,
16208,TAGAGCGCAAACATACCAGATCGCCACCCGCGCTTTAATCTGGAGAGGTGAAGAATACGACCACCGCGCTCTA,2.497099456,Tc-Riboswitches,Regression,
16209,ATTCCGGCAAACATACCAGATCGCCACCCGCGCTTTAATCTGGAGAGGTGAAGAATACGACCACCGCCGGAAT,2.523378253,Tc-Riboswitches,Regression,
16210,AGCCGTCGAAACATACCAGATCGCCACCCGCGCTTTAATCTGGAGAGGTGAAGAATACGACCACCCGACGGCT,2.871734466,Tc-Riboswitches,Regression,
16211,GCCTGAGCAAACATACCAGATCGCCACCCGCGCTTTAATCTGGAGAGGTGAAGAATACGACCACCGCTCAGGC,2.898447166,Tc-Riboswitches,Regression,
16212,GCCTGCTAAAACATACCAGATCGCCACCCGCGCTTTAATCTGGAGAGGTGAAGAATACGACCACCTAGCAGGC,1.473873448,Tc-Riboswitches,Regression,
16213,TCCAGAGGAAACATACCAGATCGCCACCCGCGCTTTAATCTGGAGAGGTGAAGAATACGACCACCCCTCTGGA,2.30598044,Tc-Riboswitches,Regression,
16214,CGGATCCGAAACATACCAGATCGCCACCCGCGCTTTAATCTGGAGAGGTGAAGAATACGACCACCCGGATCCG,2.868815,Tc-Riboswitches,Regression,
16215,AGGCTCCTAAACATACCAGATCGCCACCCGCGCTTTAATCTGGAGAGGTGAAGAATACGACCACCAGGAGCCT,2.915333565,Tc-Riboswitches,Regression,
16216,ACTCCGGAAAACATACCAGATCGCCACCCGCGCTTTAATCTGGAGAGGTGAAGAATACGACCACCTCCGGAGT,2.663723662,Tc-Riboswitches,Regression,
16217,AGACCTGCAAACATACCAGATCGCCACCCGCGCTTTAATCTGGAGAGGTGAAGAATACGACCACCGCAGGTCT,2.72025654,Tc-Riboswitches,Regression,
16218,TCAGCCAGAAACATACCAGATCGCCACCCGCGCTTTAATCTGGAGAGGTGAAGAATACGACCACCCTGGCTGA,2.876856674,Tc-Riboswitches,Regression,
16219,ACGCCTGAAAACATACCAGATCGCCACCCGCGCTTTAATCTGGAGAGGTGAAGAATACGACCACCTCAGGCGT,2.553061148,Tc-Riboswitches,Regression,
16220,AGCCCAGTAAACATACCAGATCGCCACCCGCGCTTTAATCTGGAGAGGTGAAGAATACGACCACCACTGGGCT,2.580674495,Tc-Riboswitches,Regression,
16221,GCACGGCTAAACATACCAGATCGCCACCCGCGCTTTAATCTGGAGAGGTGAAGAATACGACCACCAGCCGTGC,1.970464777,Tc-Riboswitches,Regression,
16222,CGGCTCAGAAACATACCAGATCGCCACCCGCGCTTTAATCTGGAGAGGTGAAGAATACGACCACCCTGAGCCG,2.572914028,Tc-Riboswitches,Regression,
16223,GCCGAGTCAAACATACCAGATCGCCACCCGCGCTTTAATCTGGAGAGGTGAAGAATACGACCACCGACTCGGC,2.377363089,Tc-Riboswitches,Regression,
16224,CCCAGGTGAAACATACCAGATCGCCACCCGCGCTTTAATCTGGAGAGGTGAAGAATACGACCACCCACCTGGG,2.516327027,Tc-Riboswitches,Regression,
16225,CCTAGGTCAAACATACCAGATCGCCACCCGCGCTTTAATCTGGAGAGGTGAAGAATACGACCACCGACCTAGG,2.690500987,Tc-Riboswitches,Regression,
16226,TCTGGGCAAAACATACCAGATCGCCACCCGCGCTTTAATCTGGAGAGGTGAAGAATACGACCACCTGCCCAGA,2.221756919,Tc-Riboswitches,Regression,
16227,TACGGACCAAACATACCAGATCGCCACCCGCGCTTTAATCTGGAGAGGTGAAGAATACGACCACCGGTCCGTA,2.724066615,Tc-Riboswitches,Regression,
16228,CGACTCGGAAACATACCAGATCGCCACCCGCGCTTTAATCTGGAGAGGTGAAGAATACGACCACCCCGAGTCG,2.25525377,Tc-Riboswitches,Regression,
16229,AGTAGGCCAAACATACCAGATCGCCACCCGCGCTTTAATCTGGAGAGGTGAAGAATACGACCACCGGCCTACT,2.845301124,Tc-Riboswitches,Regression,
16230,GAGGCCTCAAACATACCAGATCGCCACCCGCGCTTTAATCTGGAGAGGTGAAGAATACGACCACCGAGGCCTC,1.996247049,Tc-Riboswitches,Regression,
16231,CGGCCGATAAACATACCAGATCGCCACCCGCGCTTTAATCTGGAGAGGTGAAGAATACGACCACCATCGGCCG,3.00035041,Tc-Riboswitches,Regression,
16232,TCGCCTGAAAACATACCAGATCGCCACCCGCGCTTTAATCTGGAGAGGTGAAGAATACGACCACCTCAGGCGA,2.415449676,Tc-Riboswitches,Regression,
16233,TCAGAGGCAAACATACCAGATCGCCACCCGCGCTTTAATCTGGAGAGGTGAAGAATACGACCACCGCCTCTGA,2.693175801,Tc-Riboswitches,Regression,
16234,AGACCTGGAAACATACCAGATCGCCACCCGCGCTTTAATCTGGAGAGGTGAAGAATACGACCACCCCAGGTCT,2.508813165,Tc-Riboswitches,Regression,
16235,ACGGAGCTAAACATACCAGATCGCCACCCGCGCTTTAATCTGGAGAGGTGAAGAATACGACCACCAGCTCCGT,2.714467874,Tc-Riboswitches,Regression,
16236,AGTCCCGAAAACATACCAGATCGCCACCCGCGCTTTAATCTGGAGAGGTGAAGAATACGACCACCTCGGGACT,2.302044906,Tc-Riboswitches,Regression,
16237,TAGGGCTCAAACATACCAGATCGCCACCCGCGCTTTAATCTGGAGAGGTGAAGAATACGACCACCGAGCCCTA,2.776722826,Tc-Riboswitches,Regression,
16238,AGGCGTTCAAACATACCAGATCGCCACCCGCGCTTTAATCTGGAGAGGTGAAGAATACGACCACCGAACGCCT,2.858331685,Tc-Riboswitches,Regression,
16239,AGCGAGCTAAACATACCAGATCGCCACCCGCGCTTTAATCTGGAGAGGTGAAGAATACGACCACCAGCTCGCT,2.834570291,Tc-Riboswitches,Regression,
16240,GAGCTGCCAAACATACCAGATCGCCACCCGCGCTTTAATCTGGAGAGGTGAAGAATACGACCACCGGCAGCTC,2.571060929,Tc-Riboswitches,Regression,
16241,CGTGACCGAAACATACCAGATCGCCACCCGCGCTTTAATCTGGAGAGGTGAAGAATACGACCACCCGGTCACG,2.552361562,Tc-Riboswitches,Regression,
16242,CTGGACGCAAACATACCAGATCGCCACCCGCGCTTTAATCTGGAGAGGTGAAGAATACGACCACCGCGTCCAG,2.805421092,Tc-Riboswitches,Regression,
16243,TCACGGCAAAACATACCAGATCGCCACCCGCGCTTTAATCTGGAGAGGTGAAGAATACGACCACCTGCCGTGA,2.509546614,Tc-Riboswitches,Regression,
16244,TCGCCAGAAAACATACCAGATCGCCACCCGCGCTTTAATCTGGAGAGGTGAAGAATACGACCACCTCTGGCGA,2.433602508,Tc-Riboswitches,Regression,
16245,AGGTCAGCAAACATACCAGATCGCCACCCGCGCTTTAATCTGGAGAGGTGAAGAATACGACCACCGCTGACCT,2.559129352,Tc-Riboswitches,Regression,
16246,CGCTGGCAAAACATACCAGATCGCCACCCGCGCTTTAATCTGGAGAGGTGAAGAATACGACCACCTGCCAGCG,2.968211855,Tc-Riboswitches,Regression,
16247,CGCAGCTGAAACATACCAGATCGCCACCCGCGCTTTAATCTGGAGAGGTGAAGAATACGACCACCCAGCTGCG,2.755524394,Tc-Riboswitches,Regression,
16248,TCGGAACCAAACATACCAGATCGCCACCCGCGCTTTAATCTGGAGAGGTGAAGAATACGACCACCGGTTCCGA,2.844172289,Tc-Riboswitches,Regression,
16249,ACGGTGACAAACATACCAGATCGCCACCCGCGCTTTAATCTGGAGAGGTGAAGAATACGACCACCGTCACCGT,2.652838339,Tc-Riboswitches,Regression,
16250,CTGGCGACAAACATACCAGATCGCCACCCGCGCTTTAATCTGGAGAGGTGAAGAATACGACCACCGTCGCCAG,2.8669548,Tc-Riboswitches,Regression,
16251,GACGTCGCAAACATACCAGATCGCCACCCGCGCTTTAATCTGGAGAGGTGAAGAATACGACCACCGCGACGTC,2.596864748,Tc-Riboswitches,Regression,
16252,AACTCGGCAAACATACCAGATCGCCACCCGCGCTTTAATCTGGAGAGGTGAAGAATACGACCACCGCCGAGTT,2.370888671,Tc-Riboswitches,Regression,
