Sequence,Value,Dataset,Split
AGACCUCCGAAACAUACCAGAUCGCCACCCGCGCUUUAAUCUGGAGAGGUGAAGAAUACGACCACCCGGAGGUCU,1.582720646839793,Tc-Riboswitches,train
AGGACGCUAAACAUACCAGAUCGCCACCCGCGCUUUAAUCUGGAGAGGUGAAGAAUACGACCACCAGCGUCC,2.2744905666108552,Tc-Riboswitches,train
AGCUUGCCAAACAUACCAGAUCGCCACCCGCGCUUUAAUCUGGAGAGGUGAAGAAUACGACCACCGGCAAGC,2.472214537032894,Tc-Riboswitches,train
GCUUUCGCAAACAUACCAGAUCGCCACCCGCGCUUUAAUCUGGAGAGGUGAAGAAUACGACCACCGCGAAAG,2.187475114772213,Tc-Riboswitches,train
CAAACCUACAAAACAUACCAGAUCGCCACCCGCGCUUUAAUCUGGAGAGGUGAAGAAUACGACCACCUGUAGGUU,2.380751843346238,Tc-Riboswitches,train
GAUAGUAAACAUACCAGAUCGCCACCCGCGCUUUAAUCUGGAGAGGUGAAGAAUACGACCACCACUAUC,2.5714683877197144,Tc-Riboswitches,train
AGCAACUGUAAACAUACCAGAUCGCCACCCGCGCUUUAAUCUGGAGAGGUGAAGAAUACGACCACCACAGUUGCU,1.6445203002165003,Tc-Riboswitches,train
CCCGAGAAACAUACCAGAUCGCCACCCGCGCUUUAAUCUGGAGAGGUGAAGAAUACGACCACCCUCGGG,2.050975479743106,Tc-Riboswitches,train
CACAUAACAGAAACAUACCAGAUCGCCACCCGCGCUUUAAUCUGGAGAGGUGAAGAAUACGACCACCCUGUUAUG,2.335623671153833,Tc-Riboswitches,train
CGGUCCUUAAAAACAUACCAGAUCGCCACCCGCGCUUUAAUCUGGAGAGGUGAAGAAUACGACCACCUUAAGGAC,1.8477027916284927,Tc-Riboswitches,train
ACACAGAAAAACAUACCAGAUCGCCACCCGCGCUUUAAUCUGGAGAGGUGAAGAAUACGACCACCUUCUGUG,2.361761061912318,Tc-Riboswitches,train
UCGUGGACAAACAUACCAGAUCGCCACCCGCGCUUUAAUCUGGAGAGGUGAAGAAUACGACCACCGUCCACG,2.6984549830540923,Tc-Riboswitches,train
CAAAAUAAACAUACCAGAUCGCCACCCGCGCUUUAAUCUGGAGAGGUGAAGAAUACGACCACCAUUUUG,2.131844991073828,Tc-Riboswitches,train
UGUCUGUAAACAUACCAGAUCGCCACCCGCGCUUUAAUCUGGAGAGGUGAAGAAUACGACCACCACAGA,1.5767161371452951,Tc-Riboswitches,train
UCGUUACAAACAUACCAGAUCGCCACCCGCGCUUUAAUCUGGAGAGGUGAAGAAUACGACCACCGUAAC,1.7939809904275923,Tc-Riboswitches,train
GCCUCAACUAAAACAUACCAGAUCGCCACCCGCGCUUUAAUCUGGAGAGGUGAAGAAUACGACCACCUAGUUGAG,1.6309853052365926,Tc-Riboswitches,train
UUGCAAGAUAAACAUACCAGAUCGCCACCCGCGCUUUAAUCUGGAGAGGUGAAGAAUACGACCACCAUCUUGCAA,2.4561968610028493,Tc-Riboswitches,train
UCAGGGUCAAACAUACCAGAUCGCCACCCGCGCUUUAAUCUGGAGAGGUGAAGAAUACGACCACCGACCCUG,2.638665770901864,Tc-Riboswitches,train
UCUUACACAAACAUACCAGAUCGCCACCCGCGCUUUAAUCUGGAGAGGUGAAGAAUACGACCACCGUGUAAG,2.015098234964408,Tc-Riboswitches,train
GCCUGCUAAAACAUACCAGAUCGCCACCCGCGCUUUAAUCUGGAGAGGUGAAGAAUACGACCACCUAGCAGG,1.4738734480962898,Tc-Riboswitches,train
UCUACAGAAACAUACCAGAUCGCCACCCGCGCUUUAAUCUGGAGAGGUGAAGAAUACGACCACCCUGUA,0.0844294002266803,Tc-Riboswitches,train
CCACCAAAAAACAUACCAGAUCGCCACCCGCGCUUUAAUCUGGAGAGGUGAAGAAUACGACCACCUUUGGUG,2.25562008793596,Tc-Riboswitches,train
AGCCAGUAUAAACAUACCAGAUCGCCACCCGCGCUUUAAUCUGGAGAGGUGAAGAAUACGACCACCAUACUGGCU,2.7742986046586164,Tc-Riboswitches,train
CACACCGAAACAUACCAGAUCGCCACCCGCGCUUUAAUCUGGAGAGGUGAAGAAUACGACCACCCGGUG,2.3109421066602645,Tc-Riboswitches,train
GAAUCCGACAAAACAUACCAGAUCGCCACCCGCGCUUUAAUCUGGAGAGGUGAAGAAUACGACCACCUGUCGGAU,1.7457547196794352,Tc-Riboswitches,train
GCGGGAGUAAACAUACCAGAUCGCCACCCGCGCUUUAAUCUGGAGAGGUGAAGAAUACGACCACCACUCCCG,2.7258358808458483,Tc-Riboswitches,train
CCCGUGAAACAUACCAGAUCGCCACCCGCGCUUUAAUCUGGAGAGGUGAAGAAUACGACCACCCACGGG,2.6297527977237163,Tc-Riboswitches,train
CCGAGAAAACAUACCAGAUCGCCACCCGCGCUUUAAUCUGGAGAGGUGAAGAAUACGACCACCUCUCGG,1.940757215927836,Tc-Riboswitches,train
AGGCGCUAAAACAUACCAGAUCGCCACCCGCGCUUUAAUCUGGAGAGGUGAAGAAUACGACCACCUAGCGCC,2.6066169321135098,Tc-Riboswitches,train
AAUCGACAAAAACAUACCAGAUCGCCACCCGCGCUUUAAUCUGGAGAGGUGAAGAAUACGACCACCUUGUCGAUU,1.8626620912532967,Tc-Riboswitches,train
UCAUAAACCAAACAUACCAGAUCGCCACCCGCGCUUUAAUCUGGAGAGGUGAAGAAUACGACCACCGGUUUAUGA,1.794687965402037,Tc-Riboswitches,train
CAGCUCAGAAACAUACCAGAUCGCCACCCGCGCUUUAAUCUGGAGAGGUGAAGAAUACGACCACCCUGAGCU,2.600461267776093,Tc-Riboswitches,train
AGACCUGGAAACAUACCAGAUCGCCACCCGCGCUUUAAUCUGGAGAGGUGAAGAAUACGACCACCCCAGGUC,2.5088131646959164,Tc-Riboswitches,train
UUUGAAAAACAUACCAGAUCGCCACCCGCGCUUUAAUCUGGAGAGGUGAAGAAUACGACCACCUUCAAA,1.4857661714968224,Tc-Riboswitches,train
GCUGCUGGAAACAUACCAGAUCGCCACCCGCGCUUUAAUCUGGAGAGGUGAAGAAUACGACCACCCCAGCAG,2.758994571151269,Tc-Riboswitches,train
UCGUAAACCUAAACAUACCAGAUCGCCACCCGCGCUUUAAUCUGGAGAGGUGAAGAAUACGACCACCAGGUUUAC,2.121204959563445,Tc-Riboswitches,train
CCAGACAAACAUACCAGAUCGCCACCCGCGCUUUAAUCUGGAGAGGUGAAGAAUACGACCACCGUCUGG,2.3895209857266004,Tc-Riboswitches,train
GGACUCACUAAACAUACCAGAUCGCCACCCGCGCUUUAAUCUGGAGAGGUGAAGAAUACGACCACCAGUGAGUCC,1.9808468749413528,Tc-Riboswitches,train
AACUCUAUAAACAUACCAGAUCGCCACCCGCGCUUUAAUCUGGAGAGGUGAAGAAUACGACCACCAUAGAGU,1.841109595148814,Tc-Riboswitches,train
UAGCACGCAAACAUACCAGAUCGCCACCCGCGCUUUAAUCUGGAGAGGUGAAGAAUACGACCACCGCGUGCU,2.4423281712086684,Tc-Riboswitches,train
AAACCAGUUCAAACAUACCAGAUCGCCACCCGCGCUUUAAUCUGGAGAGGUGAAGAAUACGACCACCGAACUGGU,1.6606566041789834,Tc-Riboswitches,train
CUGUUCAAACAUACCAGAUCGCCACCCGCGCUUUAAUCUGGAGAGGUGAAGAAUACGACCACCGAACAG,1.700657186492598,Tc-Riboswitches,train
CGCCAGGUAAACAUACCAGAUCGCCACCCGCGCUUUAAUCUGGAGAGGUGAAGAAUACGACCACCACCUGGC,2.861282617757717,Tc-Riboswitches,train
AAACCGCUAAACAUACCAGAUCGCCACCCGCGCUUUAAUCUGGAGAGGUGAAGAAUACGACCACCAGCGGUU,1.7516495445322091,Tc-Riboswitches,train
UACGACGAAAAACAUACCAGAUCGCCACCCGCGCUUUAAUCUGGAGAGGUGAAGAAUACGACCACCUUCGUCGUA,2.092316092743836,Tc-Riboswitches,train
GUAGUGCUAAACAUACCAGAUCGCCACCCGCGCUUUAAUCUGGAGAGGUGAAGAAUACGACCACCAGCACUA,1.6459599108266971,Tc-Riboswitches,train
UAAACCCAAACAUACCAGAUCGCCACCCGCGCUUUAAUCUGGAGAGGUGAAGAAUACGACCACCGGGUU,1.9427566759960784,Tc-Riboswitches,train
ACAGUUGAAACAUACCAGAUCGCCACCCGCGCUUUAAUCUGGAGAGGUGAAGAAUACGACCACCCAACU,1.828686772054268,Tc-Riboswitches,train
CUUAAUAAAAAAACAUACCAGAUCGCCACCCGCGCUUUAAUCUGGAGAGGUGAAGAAUACGACCACCUUUUAUUA,3.0419443545283564,Tc-Riboswitches,train
CACUAACAAACAUACCAGAUCGCCACCCGCGCUUUAAUCUGGAGAGGUGAAGAAUACGACCACCGUUAG,2.5006682454425464,Tc-Riboswitches,train
ACAUAGUUCUAAACAUACCAGAUCGCCACCCGCGCUUUAAUCUGGAGAGGUGAAGAAUACGACCACCAGAACUAU,2.290553264511631,Tc-Riboswitches,train
ACGUGGCAAAACAUACCAGAUCGCCACCCGCGCUUUAAUCUGGAGAGGUGAAGAAUACGACCACCUGCCACG,2.315605001374947,Tc-Riboswitches,train
UCCGGACACAAACAUACCAGAUCGCCACCCGCGCUUUAAUCUGGAGAGGUGAAGAAUACGACCACCGUGUCCGGA,0.1042236040091558,Tc-Riboswitches,train
CCGACGGAAAACAUACCAGAUCGCCACCCGCGCUUUAAUCUGGAGAGGUGAAGAAUACGACCACCUCCGUCG,1.4365067647307188,Tc-Riboswitches,train
GAAUAUAAACAUACCAGAUCGCCACCCGCGCUUUAAUCUGGAGAGGUGAAGAAUACGACCACCAUAUUC,1.5185622509453511,Tc-Riboswitches,train
CUGCGGAAACAUACCAGAUCGCCACCCGCGCUUUAAUCUGGAGAGGUGAAGAAUACGACCACCCCGCAG,2.399721559343543,Tc-Riboswitches,train
ACGCUGUACAAACAUACCAGAUCGCCACCCGCGCUUUAAUCUGGAGAGGUGAAGAAUACGACCACCGUACAGCGU,0.8080465633375628,Tc-Riboswitches,train
ACCUCAGGAAACAUACCAGAUCGCCACCCGCGCUUUAAUCUGGAGAGGUGAAGAAUACGACCACCCCUGAGG,2.355999514395792,Tc-Riboswitches,train
UGGUACCAAAAACAUACCAGAUCGCCACCCGCGCUUUAAUCUGGAGAGGUGAAGAAUACGACCACCUUGGUACCA,1.838549272147609,Tc-Riboswitches,train
UUAGGGCCAAACAUACCAGAUCGCCACCCGCGCUUUAAUCUGGAGAGGUGAAGAAUACGACCACCGGCCCUA,2.3079527548671,Tc-Riboswitches,train
ACUGCCGGAAACAUACCAGAUCGCCACCCGCGCUUUAAUCUGGAGAGGUGAAGAAUACGACCACCCCGGCAG,2.7560003103973445,Tc-Riboswitches,train
UCGGCUCAAAACAUACCAGAUCGCCACCCGCGCUUUAAUCUGGAGAGGUGAAGAAUACGACCACCUGAGCCG,2.3908886869673966,Tc-Riboswitches,train
UUAGGGAGGAAACAUACCAGAUCGCCACCCGCGCUUUAAUCUGGAGAGGUGAAGAAUACGACCACCCCUCCCUAA,2.8278972221278726,Tc-Riboswitches,train
UCCAGGCUAAACAUACCAGAUCGCCACCCGCGCUUUAAUCUGGAGAGGUGAAGAAUACGACCACCAGCCUGG,2.87337519303705,Tc-Riboswitches,train
UAGCUUAGAAACAUACCAGAUCGCCACCCGCGCUUUAAUCUGGAGAGGUGAAGAAUACGACCACCCUAAGCU,1.5338934668410873,Tc-Riboswitches,train
UUCCAGAAGAAACAUACCAGAUCGCCACCCGCGCUUUAAUCUGGAGAGGUGAAGAAUACGACCACCCUUCUGGAA,2.293708338001079,Tc-Riboswitches,train
CGAGCCGCAAACAUACCAGAUCGCCACCCGCGCUUUAAUCUGGAGAGGUGAAGAAUACGACCACCGCGGCUC,1.5014041713017354,Tc-Riboswitches,train
AUCAGAAUAUAAACAUACCAGAUCGCCACCCGCGCUUUAAUCUGGAGAGGUGAAGAAUACGACCACCAUAUUCUG,2.138528915531173,Tc-Riboswitches,train
GUCCCAAAACAUACCAGAUCGCCACCCGCGCUUUAAUCUGGAGAGGUGAAGAAUACGACCACCUGGGAC,1.8227498239601567,Tc-Riboswitches,train
UCCGUAUUGAAAACAUACCAGAUCGCCACCCGCGCUUUAAUCUGGAGAGGUGAAGAAUACGACCACCUCAAUACG,2.25575710775612,Tc-Riboswitches,train
CGCAGCUGAAACAUACCAGAUCGCCACCCGCGCUUUAAUCUGGAGAGGUGAAGAAUACGACCACCCAGCUGC,2.75552439419951,Tc-Riboswitches,train
AUAAGAAAACAUACCAGAUCGCCACCCGCGCUUUAAUCUGGAGAGGUGAAGAAUACGACCACCUCUUAU,2.810929236159545,Tc-Riboswitches,train
AGGUUAUCAAACAUACCAGAUCGCCACCCGCGCUUUAAUCUGGAGAGGUGAAGAAUACGACCACCGAUAACC,2.650437336574565,Tc-Riboswitches,train
AUUGGGCCAAACAUACCAGAUCGCCACCCGCGCUUUAAUCUGGAGAGGUGAAGAAUACGACCACCGGCCCAA,3.026179869783217,Tc-Riboswitches,train
GUAGUCGAUAAACAUACCAGAUCGCCACCCGCGCUUUAAUCUGGAGAGGUGAAGAAUACGACCACCAUCGACUAC,2.3390609389387693,Tc-Riboswitches,train
AUUUGCUAAACAUACCAGAUCGCCACCCGCGCUUUAAUCUGGAGAGGUGAAGAAUACGACCACCAGCAA,2.2382829517368936,Tc-Riboswitches,train
CCUAGGUCAAACAUACCAGAUCGCCACCCGCGCUUUAAUCUGGAGAGGUGAAGAAUACGACCACCGACCUAG,2.690500987012725,Tc-Riboswitches,train
AGCGAGCUAAACAUACCAGAUCGCCACCCGCGCUUUAAUCUGGAGAGGUGAAGAAUACGACCACCAGCUCGC,2.834570291451238,Tc-Riboswitches,train
ACGGAGCUAAACAUACCAGAUCGCCACCCGCGCUUUAAUCUGGAGAGGUGAAGAAUACGACCACCAGCUCCG,2.7144678740547667,Tc-Riboswitches,train
ACGCCUGAAAACAUACCAGAUCGCCACCCGCGCUUUAAUCUGGAGAGGUGAAGAAUACGACCACCUCAGGCG,2.553061148384145,Tc-Riboswitches,train
UCCCCCUUACAAACAUACCAGAUCGCCACCCGCGCUUUAAUCUGGAGAGGUGAAGAAUACGACCACCGUAAGGGG,1.3185382299158444,Tc-Riboswitches,train
AUACGGCCAAACAUACCAGAUCGCCACCCGCGCUUUAAUCUGGAGAGGUGAAGAAUACGACCACCGGCCGUA,2.4088638311665185,Tc-Riboswitches,train
UAGAGCGCAAACAUACCAGAUCGCCACCCGCGCUUUAAUCUGGAGAGGUGAAGAAUACGACCACCGCGCUCU,2.497099455815846,Tc-Riboswitches,train
GGAUAACCCAAACAUACCAGAUCGCCACCCGCGCUUUAAUCUGGAGAGGUGAAGAAUACGACCACCGGGUUAUCC,2.392519298134012,Tc-Riboswitches,train
AGACCUGCAAACAUACCAGAUCGCCACCCGCGCUUUAAUCUGGAGAGGUGAAGAAUACGACCACCGCAGGUC,2.7202565396578766,Tc-Riboswitches,train
CCAGCCAAACAUACCAGAUCGCCACCCGCGCUUUAAUCUGGAGAGGUGAAGAAUACGACCACCGGCUGG,2.5967673456007065,Tc-Riboswitches,train
AUUCGGAGAAACAUACCAGAUCGCCACCCGCGCUUUAAUCUGGAGAGGUGAAGAAUACGACCACCCUCCGAA,1.988829889495292,Tc-Riboswitches,train
CUCUACUAAACAUACCAGAUCGCCACCCGCGCUUUAAUCUGGAGAGGUGAAGAAUACGACCACCAGUAG,2.2076723981267614,Tc-Riboswitches,train
CCUCUCUGAAAACAUACCAGAUCGCCACCCGCGCUUUAAUCUGGAGAGGUGAAGAAUACGACCACCUCAGAGAGG,2.0571468383022804,Tc-Riboswitches,train
CGUUCCAUAAAACAUACCAGAUCGCCACCCGCGCUUUAAUCUGGAGAGGUGAAGAAUACGACCACCUAUGGAACG,2.5381881514349285,Tc-Riboswitches,train
CAAUCGGACGAAACAUACCAGAUCGCCACCCGCGCUUUAAUCUGGAGAGGUGAAGAAUACGACCACCCGUCCGAU,2.3729232812692085,Tc-Riboswitches,train
AGGUUCCCAAACAUACCAGAUCGCCACCCGCGCUUUAAUCUGGAGAGGUGAAGAAUACGACCACCGGGAACC,2.3365218327562856,Tc-Riboswitches,train
UAGCUCAAACAUACCAGAUCGCCACCCGCGCUUUAAUCUGGAGAGGUGAAGAAUACGACCACCGAGCUA,2.051528795291218,Tc-Riboswitches,train
CGUGGACCAAACAUACCAGAUCGCCACCCGCGCUUUAAUCUGGAGAGGUGAAGAAUACGACCACCGGUCCAC,2.513321168428135,Tc-Riboswitches,train
CCUGUAAAAACAUACCAGAUCGCCACCCGCGCUUUAAUCUGGAGAGGUGAAGAAUACGACCACCUUACA,2.396536380570313,Tc-Riboswitches,train
UUAAGAACGUAAACAUACCAGAUCGCCACCCGCGCUUUAAUCUGGAGAGGUGAAGAAUACGACCACCACGUUCUU,1.7767414994663433,Tc-Riboswitches,train
UAGCGCGAAAACAUACCAGAUCGCCACCCGCGCUUUAAUCUGGAGAGGUGAAGAAUACGACCACCUCGCGCU,2.113777192139755,Tc-Riboswitches,train
GAUCACAGUUAAACAUACCAGAUCGCCACCCGCGCUUUAAUCUGGAGAGGUGAAGAAUACGACCACCAACUGUGA,1.8607465229920463,Tc-Riboswitches,train
UGUUAGUACAAACAUACCAGAUCGCCACCCGCGCUUUAAUCUGGAGAGGUGAAGAAUACGACCACCGUACUAACA,1.840995319888352,Tc-Riboswitches,train
ACUGGGACAAACAUACCAGAUCGCCACCCGCGCUUUAAUCUGGAGAGGUGAAGAAUACGACCACCGUCCCAG,2.819297220095727,Tc-Riboswitches,train
ACGCCUCGAAACAUACCAGAUCGCCACCCGCGCUUUAAUCUGGAGAGGUGAAGAAUACGACCACCCGAGGCG,2.0147736300884462,Tc-Riboswitches,train
CGGCGAAAACAUACCAGAUCGCCACCCGCGCUUUAAUCUGGAGAGGUGAAGAAUACGACCACCUCGCCG,1.97054418500702,Tc-Riboswitches,train
UCCAGGAGAAACAUACCAGAUCGCCACCCGCGCUUUAAUCUGGAGAGGUGAAGAAUACGACCACCCUCCUGG,2.4415057448618254,Tc-Riboswitches,train
CGUAUAGAAAACAUACCAGAUCGCCACCCGCGCUUUAAUCUGGAGAGGUGAAGAAUACGACCACCUCUAUAC,1.5222205730833704,Tc-Riboswitches,train
CCCACUAAAACAUACCAGAUCGCCACCCGCGCUUUAAUCUGGAGAGGUGAAGAAUACGACCACCUAGUG,2.5129674474968384,Tc-Riboswitches,train
UACCGAGCAAACAUACCAGAUCGCCACCCGCGCUUUAAUCUGGAGAGGUGAAGAAUACGACCACCGCUCGGU,2.9802102822521,Tc-Riboswitches,train
GCGAUCAAAACAUACCAGAUCGCCACCCGCGCUUUAAUCUGGAGAGGUGAAGAAUACGACCACCUGAUC,2.1601597745706944,Tc-Riboswitches,train
CCCAGGUGAAACAUACCAGAUCGCCACCCGCGCUUUAAUCUGGAGAGGUGAAGAAUACGACCACCCACCUGG,2.516327027437552,Tc-Riboswitches,train
AAUAGUCUAAACAUACCAGAUCGCCACCCGCGCUUUAAUCUGGAGAGGUGAAGAAUACGACCACCAGACUAU,1.7987166272617283,Tc-Riboswitches,train
CCGCUGGAAAACAUACCAGAUCGCCACCCGCGCUUUAAUCUGGAGAGGUGAAGAAUACGACCACCUCCAGCG,2.68541701653228,Tc-Riboswitches,train
AAACCGCACCAAACAUACCAGAUCGCCACCCGCGCUUUAAUCUGGAGAGGUGAAGAAUACGACCACCGGUGCGGU,1.8004712125477225,Tc-Riboswitches,train
UCCUGCAUUAAAACAUACCAGAUCGCCACCCGCGCUUUAAUCUGGAGAGGUGAAGAAUACGACCACCUAAUGCAG,2.4244217477495456,Tc-Riboswitches,train
CCAACGAUAAACAUACCAGAUCGCCACCCGCGCUUUAAUCUGGAGAGGUGAAGAAUACGACCACCAUCGUUG,1.97796550038345,Tc-Riboswitches,train
UAACCACGAAACAUACCAGAUCGCCACCCGCGCUUUAAUCUGGAGAGGUGAAGAAUACGACCACCCGUGGUU,2.590067910098866,Tc-Riboswitches,train
AGUCUGAAACAUACCAGAUCGCCACCCGCGCUUUAAUCUGGAGAGGUGAAGAAUACGACCACCCAGACU,1.9118523479817728,Tc-Riboswitches,train
AUCCGAAAAACAUACCAGAUCGCCACCCGCGCUUUAAUCUGGAGAGGUGAAGAAUACGACCACCUUCGG,2.2388503533256765,Tc-Riboswitches,train
AGGGAGCAAACAUACCAGAUCGCCACCCGCGCUUUAAUCUGGAGAGGUGAAGAAUACGACCACCGCUCC,2.00881881214499,Tc-Riboswitches,train
UGCGAAAGUUAAACAUACCAGAUCGCCACCCGCGCUUUAAUCUGGAGAGGUGAAGAAUACGACCACCAACUUUCG,1.5431775083606964,Tc-Riboswitches,train
CUGCGCAAACAUACCAGAUCGCCACCCGCGCUUUAAUCUGGAGAGGUGAAGAAUACGACCACCGCGCAG,2.282057597003305,Tc-Riboswitches,train
GCACGUAAACAUACCAGAUCGCCACCCGCGCUUUAAUCUGGAGAGGUGAAGAAUACGACCACCACGUGC,1.7143151650732498,Tc-Riboswitches,train
CGCAGCAAACAUACCAGAUCGCCACCCGCGCUUUAAUCUGGAGAGGUGAAGAAUACGACCACCGCUGCG,2.394102218096501,Tc-Riboswitches,train
CGGGCGAAAACAUACCAGAUCGCCACCCGCGCUUUAAUCUGGAGAGGUGAAGAAUACGACCACCUCGCC,1.3882427181120691,Tc-Riboswitches,train
UACGACAAGAAACAUACCAGAUCGCCACCCGCGCUUUAAUCUGGAGAGGUGAAGAAUACGACCACCCUUGUCGUA,2.1977858511996087,Tc-Riboswitches,train
GUUUCUCGAAACAUACCAGAUCGCCACCCGCGCUUUAAUCUGGAGAGGUGAAGAAUACGACCACCCGAGAAA,2.0743397140677167,Tc-Riboswitches,train
AAGCGUCCAAACAUACCAGAUCGCCACCCGCGCUUUAAUCUGGAGAGGUGAAGAAUACGACCACCGGACGCU,2.359796839623442,Tc-Riboswitches,train
AAACCAACAAACAUACCAGAUCGCCACCCGCGCUUUAAUCUGGAGAGGUGAAGAAUACGACCACCGUUGGUU,2.051924254349024,Tc-Riboswitches,train
AGUGCCCGAAACAUACCAGAUCGCCACCCGCGCUUUAAUCUGGAGAGGUGAAGAAUACGACCACCCGGGCAC,2.3928328753510595,Tc-Riboswitches,train
GGUUGUCGAAACAUACCAGAUCGCCACCCGCGCUUUAAUCUGGAGAGGUGAAGAAUACGACCACCCGACAAC,2.8404694519329103,Tc-Riboswitches,train
ACAUCCAGAAACAUACCAGAUCGCCACCCGCGCUUUAAUCUGGAGAGGUGAAGAAUACGACCACCCUGGAUG,2.245819664100208,Tc-Riboswitches,train
CACUUAUAAACAUACCAGAUCGCCACCCGCGCUUUAAUCUGGAGAGGUGAAGAAUACGACCACCAUAAG,2.4123401086985963,Tc-Riboswitches,train
AACUCGAAAACAUACCAGAUCGCCACCCGCGCUUUAAUCUGGAGAGGUGAAGAAUACGACCACCUCGAG,2.428521421898087,Tc-Riboswitches,train
GCCCGAUUCAAACAUACCAGAUCGCCACCCGCGCUUUAAUCUGGAGAGGUGAAGAAUACGACCACCGAAUCGGGC,0.1825876609342738,Tc-Riboswitches,train
CGGCGCUAAAACAUACCAGAUCGCCACCCGCGCUUUAAUCUGGAGAGGUGAAGAAUACGACCACCUAGCGCC,2.709233031362602,Tc-Riboswitches,train
GUCUAGUAAACAUACCAGAUCGCCACCCGCGCUUUAAUCUGGAGAGGUGAAGAAUACGACCACCACUAG,2.1713124552029983,Tc-Riboswitches,train
CUCACUAAACAUACCAGAUCGCCACCCGCGCUUUAAUCUGGAGAGGUGAAGAAUACGACCACCAGUGAG,1.4331700320377467,Tc-Riboswitches,train
ACCACCCCUUAAACAUACCAGAUCGCCACCCGCGCUUUAAUCUGGAGAGGUGAAGAAUACGACCACCAAGGGGUG,1.3575389237780895,Tc-Riboswitches,train
AGGUCAGCAAACAUACCAGAUCGCCACCCGCGCUUUAAUCUGGAGAGGUGAAGAAUACGACCACCGCUGACC,2.5591293523093466,Tc-Riboswitches,train
CUGCAAAAUAAAACAUACCAGAUCGCCACCCGCGCUUUAAUCUGGAGAGGUGAAGAAUACGACCACCUAUUUUGC,1.78122218186085,Tc-Riboswitches,train
UUGGCCACAAACAUACCAGAUCGCCACCCGCGCUUUAAUCUGGAGAGGUGAAGAAUACGACCACCGUGGCCA,2.406883982585284,Tc-Riboswitches,train
AUCGUCAAACAUACCAGAUCGCCACCCGCGCUUUAAUCUGGAGAGGUGAAGAAUACGACCACCGACGAU,1.6270500590498038,Tc-Riboswitches,train
UCUCCCAAACAUACCAGAUCGCCACCCGCGCUUUAAUCUGGAGAGGUGAAGAAUACGACCACCGGGAGA,2.2548060968485264,Tc-Riboswitches,train
ACUCCGGAAAACAUACCAGAUCGCCACCCGCGCUUUAAUCUGGAGAGGUGAAGAAUACGACCACCUCCGGAG,2.663723662166933,Tc-Riboswitches,train
ACGGGAUCAAACAUACCAGAUCGCCACCCGCGCUUUAAUCUGGAGAGGUGAAGAAUACGACCACCGAUCCCG,2.449474473899337,Tc-Riboswitches,train
AGCCCAGUAAACAUACCAGAUCGCCACCCGCGCUUUAAUCUGGAGAGGUGAAGAAUACGACCACCACUGGGC,2.5806744947794527,Tc-Riboswitches,train
AACUACAAACAUACCAGAUCGCCACCCGCGCUUUAAUCUGGAGAGGUGAAGAAUACGACCACCGUAGUU,1.638040526768949,Tc-Riboswitches,train
CGUCAUCAAACAUACCAGAUCGCCACCCGCGCUUUAAUCUGGAGAGGUGAAGAAUACGACCACCGAUGA,2.119435829609196,Tc-Riboswitches,train
CGGACCGAAACAUACCAGAUCGCCACCCGCGCUUUAAUCUGGAGAGGUGAAGAAUACGACCACCCGGUC,2.558969573249856,Tc-Riboswitches,train
CCAGGCUAAAACAUACCAGAUCGCCACCCGCGCUUUAAUCUGGAGAGGUGAAGAAUACGACCACCUAGCCUG,2.7257666059514856,Tc-Riboswitches,train
AUCGGUGACAAACAUACCAGAUCGCCACCCGCGCUUUAAUCUGGAGAGGUGAAGAAUACGACCACCGUCACCGAU,2.8045567177797035,Tc-Riboswitches,train
CCGCCCAAAACAUACCAGAUCGCCACCCGCGCUUUAAUCUGGAGAGGUGAAGAAUACGACCACCUGGGC,2.7024792031946685,Tc-Riboswitches,train
UGCUCGAAACAUACCAGAUCGCCACCCGCGCUUUAAUCUGGAGAGGUGAAGAAUACGACCACCCGAGCA,1.6879301216961182,Tc-Riboswitches,train
AAAGUGCAAACAUACCAGAUCGCCACCCGCGCUUUAAUCUGGAGAGGUGAAGAAUACGACCACCGCACU,2.221652607210882,Tc-Riboswitches,train
AGUGUCGAAACAUACCAGAUCGCCACCCGCGCUUUAAUCUGGAGAGGUGAAGAAUACGACCACCCGACA,2.0256775420793978,Tc-Riboswitches,train
ACGAUCCAAAACAUACCAGAUCGCCACCCGCGCUUUAAUCUGGAGAGGUGAAGAAUACGACCACCUGGAUCG,2.203548249089338,Tc-Riboswitches,train
UUCACACAAACAUACCAGAUCGCCACCCGCGCUUUAAUCUGGAGAGGUGAAGAAUACGACCACCGUGUG,2.0724779370201847,Tc-Riboswitches,train
CCGGACCUUCAAACAUACCAGAUCGCCACCCGCGCUUUAAUCUGGAGAGGUGAAGAAUACGACCACCGAAGGUCC,1.4324656566428264,Tc-Riboswitches,train
CUGACAGAACAAACAUACCAGAUCGCCACCCGCGCUUUAAUCUGGAGAGGUGAAGAAUACGACCACCGUUCUGUC,2.343461323296823,Tc-Riboswitches,train
CGGAUCCGAAACAUACCAGAUCGCCACCCGCGCUUUAAUCUGGAGAGGUGAAGAAUACGACCACCCGGAUCC,2.868815000229815,Tc-Riboswitches,train
ACGGACAGAGAAACAUACCAGAUCGCCACCCGCGCUUUAAUCUGGAGAGGUGAAGAAUACGACCACCCUCUGUCC,2.524067489788952,Tc-Riboswitches,train
CGCGGCAUAAACAUACCAGAUCGCCACCCGCGCUUUAAUCUGGAGAGGUGAAGAAUACGACCACCAUGCCGC,2.379639672764559,Tc-Riboswitches,train
GCUUGGACAAACAUACCAGAUCGCCACCCGCGCUUUAAUCUGGAGAGGUGAAGAAUACGACCACCGUCCAAG,2.6669072396037734,Tc-Riboswitches,train
AGGCUCAAAACAUACCAGAUCGCCACCCGCGCUUUAAUCUGGAGAGGUGAAGAAUACGACCACCUGAGC,2.090162478196781,Tc-Riboswitches,train
UCAGUCCUGAAACAUACCAGAUCGCCACCCGCGCUUUAAUCUGGAGAGGUGAAGAAUACGACCACCCAGGACUGA,1.651265557967872,Tc-Riboswitches,train
CGGAGCCUAAACAUACCAGAUCGCCACCCGCGCUUUAAUCUGGAGAGGUGAAGAAUACGACCACCAGGCUCC,2.308798849411128,Tc-Riboswitches,train
CUCGCCUCCGAAACAUACCAGAUCGCCACCCGCGCUUUAAUCUGGAGAGGUGAAGAAUACGACCACCCGGAGGCG,1.973266219952288,Tc-Riboswitches,train
UUUUGCCCAAACAUACCAGAUCGCCACCCGCGCUUUAAUCUGGAGAGGUGAAGAAUACGACCACCGGGCAAA,1.9956789420647936,Tc-Riboswitches,train
CUAUUAAAAACAUACCAGAUCGCCACCCGCGCUUUAAUCUGGAGAGGUGAAGAAUACGACCACCUUAAU,2.975509699978032,Tc-Riboswitches,train
CGACGAGUAAACAUACCAGAUCGCCACCCGCGCUUUAAUCUGGAGAGGUGAAGAAUACGACCACCACUCGUC,1.7678563435177344,Tc-Riboswitches,train
AGAGGAAAACAUACCAGAUCGCCACCCGCGCUUUAAUCUGGAGAGGUGAAGAAUACGACCACCUCCUCU,2.079793861460601,Tc-Riboswitches,train
AUCCAACCAAACAUACCAGAUCGCCACCCGCGCUUUAAUCUGGAGAGGUGAAGAAUACGACCACCGGUUGGA,1.7315680192290086,Tc-Riboswitches,train
UAGAGCAAACAUACCAGAUCGCCACCCGCGCUUUAAUCUGGAGAGGUGAAGAAUACGACCACCGCUCUA,2.4029025447942467,Tc-Riboswitches,train
GUAAGAGUAAACAUACCAGAUCGCCACCCGCGCUUUAAUCUGGAGAGGUGAAGAAUACGACCACCACUCUUA,2.408598408955622,Tc-Riboswitches,train
GUACAGUAAACAUACCAGAUCGCCACCCGCGCUUUAAUCUGGAGAGGUGAAGAAUACGACCACCACUGU,2.199828069262198,Tc-Riboswitches,train
GCCGAGUCAAACAUACCAGAUCGCCACCCGCGCUUUAAUCUGGAGAGGUGAAGAAUACGACCACCGACUCGG,2.3773630886768617,Tc-Riboswitches,train
AGUCGGCAAAACAUACCAGAUCGCCACCCGCGCUUUAAUCUGGAGAGGUGAAGAAUACGACCACCUGCCGAC,2.529935260216055,Tc-Riboswitches,train
AGUAAUCUGCAAACAUACCAGAUCGCCACCCGCGCUUUAAUCUGGAGAGGUGAAGAAUACGACCACCGCAGAUUA,2.5931793801734724,Tc-Riboswitches,train
UCCAGCUGAAACAUACCAGAUCGCCACCCGCGCUUUAAUCUGGAGAGGUGAAGAAUACGACCACCCAGCUGG,2.426664142454521,Tc-Riboswitches,train
AGUCCCGAAAACAUACCAGAUCGCCACCCGCGCUUUAAUCUGGAGAGGUGAAGAAUACGACCACCUCGGGAC,2.3020449057792,Tc-Riboswitches,train
CUGGCUAACAAACAUACCAGAUCGCCACCCGCGCUUUAAUCUGGAGAGGUGAAGAAUACGACCACCGUUAGCCAG,2.8047848633840387,Tc-Riboswitches,train
CCACACAAACAUACCAGAUCGCCACCCGCGCUUUAAUCUGGAGAGGUGAAGAAUACGACCACCGUGUGG,2.1337886361971736,Tc-Riboswitches,train
CGUCAGUAUUAAACAUACCAGAUCGCCACCCGCGCUUUAAUCUGGAGAGGUGAAGAAUACGACCACCAAUACUGA,2.0842264575749763,Tc-Riboswitches,train
GCACGGCUAAACAUACCAGAUCGCCACCCGCGCUUUAAUCUGGAGAGGUGAAGAAUACGACCACCAGCCGUG,1.970464777241257,Tc-Riboswitches,train
CACGCCUGAAACAUACCAGAUCGCCACCCGCGCUUUAAUCUGGAGAGGUGAAGAAUACGACCACCCAGGCGU,2.745344180047886,Tc-Riboswitches,train
UCACGGCAAAACAUACCAGAUCGCCACCCGCGCUUUAAUCUGGAGAGGUGAAGAAUACGACCACCUGCCGUG,2.509546614122558,Tc-Riboswitches,train
CGGCUCAGAAACAUACCAGAUCGCCACCCGCGCUUUAAUCUGGAGAGGUGAAGAAUACGACCACCCUGAGCC,2.5729140283027,Tc-Riboswitches,train
UCAGGUCCAAACAUACCAGAUCGCCACCCGCGCUUUAAUCUGGAGAGGUGAAGAAUACGACCACCGGACCUG,2.596147858560288,Tc-Riboswitches,train
AGGGCAUCAAACAUACCAGAUCGCCACCCGCGCUUUAAUCUGGAGAGGUGAAGAAUACGACCACCGAUGCCC,3.137676103164592,Tc-Riboswitches,train
UCAGACAAACAUACCAGAUCGCCACCCGCGCUUUAAUCUGGAGAGGUGAAGAAUACGACCACCGUCUGA,1.6128584132376202,Tc-Riboswitches,train
UCCGAUAAAACAUACCAGAUCGCCACCCGCGCUUUAAUCUGGAGAGGUGAAGAAUACGACCACCUAUCG,2.116065543636391,Tc-Riboswitches,train
GGUGCUAAACAUACCAGAUCGCCACCCGCGCUUUAAUCUGGAGAGGUGAAGAAUACGACCACCAGCACC,2.532399275275892,Tc-Riboswitches,train
AGUGGUGUAAAACAUACCAGAUCGCCACCCGCGCUUUAAUCUGGAGAGGUGAAGAAUACGACCACCUACACCACU,2.589449591187764,Tc-Riboswitches,train
CAUCCAGGAAACAUACCAGAUCGCCACCCGCGCUUUAAUCUGGAGAGGUGAAGAAUACGACCACCCCUGGAU,2.614751110409735,Tc-Riboswitches,train
ACAGUUAAACAUACCAGAUCGCCACCCGCGCUUUAAUCUGGAGAGGUGAAGAAUACGACCACCAACUGU,2.344997076021694,Tc-Riboswitches,train
AAAUAGCCAAACAUACCAGAUCGCCACCCGCGCUUUAAUCUGGAGAGGUGAAGAAUACGACCACCGGCUAUU,2.728495216420323,Tc-Riboswitches,train
AGCACAAAACAUACCAGAUCGCCACCCGCGCUUUAAUCUGGAGAGGUGAAGAAUACGACCACCUGUGCU,1.744813159802357,Tc-Riboswitches,train
ACCACCCUAAACAUACCAGAUCGCCACCCGCGCUUUAAUCUGGAGAGGUGAAGAAUACGACCACCAGGGUGG,1.5720256947680924,Tc-Riboswitches,train
UGCGCGUGAAAACAUACCAGAUCGCCACCCGCGCUUUAAUCUGGAGAGGUGAAGAAUACGACCACCUCACGCGCA,1.674455411998805,Tc-Riboswitches,train
GGAGAGGACAAACAUACCAGAUCGCCACCCGCGCUUUAAUCUGGAGAGGUGAAGAAUACGACCACCGUCCUCUCC,1.4887675577635548,Tc-Riboswitches,train
GUCCCUUAAACAUACCAGAUCGCCACCCGCGCUUUAAUCUGGAGAGGUGAAGAAUACGACCACCAAGGG,2.1025545577828044,Tc-Riboswitches,train
AGCGCCUGAAACAUACCAGAUCGCCACCCGCGCUUUAAUCUGGAGAGGUGAAGAAUACGACCACCCAGGCGC,2.7561471332068885,Tc-Riboswitches,train
AGGCUUUGAAAACAUACCAGAUCGCCACCCGCGCUUUAAUCUGGAGAGGUGAAGAAUACGACCACCUCAAAGCCU,-0.0519301151106512,Tc-Riboswitches,train
CGAUCCCGAAACAUACCAGAUCGCCACCCGCGCUUUAAUCUGGAGAGGUGAAGAAUACGACCACCCGGGAUC,2.5065350543948743,Tc-Riboswitches,train
AGGCUCGUAAACAUACCAGAUCGCCACCCGCGCUUUAAUCUGGAGAGGUGAAGAAUACGACCACCACGAGCC,2.453434702662449,Tc-Riboswitches,train
GCGACGAAACAUACCAGAUCGCCACCCGCGCUUUAAUCUGGAGAGGUGAAGAAUACGACCACCCGUCGC,1.9899869866422584,Tc-Riboswitches,train
AAUUUGCCAAAACAUACCAGAUCGCCACCCGCGCUUUAAUCUGGAGAGGUGAAGAAUACGACCACCUGGCAAAUU,1.8529247218123028,Tc-Riboswitches,train
AUAGACAAGAAACAUACCAGAUCGCCACCCGCGCUUUAAUCUGGAGAGGUGAAGAAUACGACCACCCUUGUCUAU,-0.1129028203623139,Tc-Riboswitches,train
AGCUCGGAAAACAUACCAGAUCGCCACCCGCGCUUUAAUCUGGAGAGGUGAAGAAUACGACCACCUCCGAGC,2.3859159023100176,Tc-Riboswitches,train
UCGCGCCGUAAAACAUACCAGAUCGCCACCCGCGCUUUAAUCUGGAGAGGUGAAGAAUACGACCACCUACGGCGC,1.8643967890000848,Tc-Riboswitches,train
GACGUCGCAAACAUACCAGAUCGCCACCCGCGCUUUAAUCUGGAGAGGUGAAGAAUACGACCACCGCGACGU,2.596864747891349,Tc-Riboswitches,train
CGUCAAAAACAUACCAGAUCGCCACCCGCGCUUUAAUCUGGAGAGGUGAAGAAUACGACCACCUUGACG,2.480774866456625,Tc-Riboswitches,train
UCGCAGGAAAACAUACCAGAUCGCCACCCGCGCUUUAAUCUGGAGAGGUGAAGAAUACGACCACCUCCUGCG,2.74471263485908,Tc-Riboswitches,train
AGGCGUUCAAACAUACCAGAUCGCCACCCGCGCUUUAAUCUGGAGAGGUGAAGAAUACGACCACCGAACGCC,2.85833168491532,Tc-Riboswitches,train
ACCACAGUAAACAUACCAGAUCGCCACCCGCGCUUUAAUCUGGAGAGGUGAAGAAUACGACCACCACUGUGG,2.350906529469976,Tc-Riboswitches,train
ACAUAUCUAGAAACAUACCAGAUCGCCACCCGCGCUUUAAUCUGGAGAGGUGAAGAAUACGACCACCCUAGAUAU,2.0757987771329964,Tc-Riboswitches,train
GAAAAAGGAAACAUACCAGAUCGCCACCCGCGCUUUAAUCUGGAGAGGUGAAGAAUACGACCACCCCUUUUU,2.5509791058445943,Tc-Riboswitches,train
UUAAGGCUUAAAACAUACCAGAUCGCCACCCGCGCUUUAAUCUGGAGAGGUGAAGAAUACGACCACCUAAGCCUU,1.3574168319744706,Tc-Riboswitches,train
CACUUUGUCAAACAUACCAGAUCGCCACCCGCGCUUUAAUCUGGAGAGGUGAAGAAUACGACCACCGACAAAGUG,2.2881015058950727,Tc-Riboswitches,train
CUGGCGACAAACAUACCAGAUCGCCACCCGCGCUUUAAUCUGGAGAGGUGAAGAAUACGACCACCGUCGCCA,2.866954799786833,Tc-Riboswitches,train
UCCCACAUCAAACAUACCAGAUCGCCACCCGCGCUUUAAUCUGGAGAGGUGAAGAAUACGACCACCGAUGUGGGA,3.021989654725366,Tc-Riboswitches,train
UGAGCCAAGAAAACAUACCAGAUCGCCACCCGCGCUUUAAUCUGGAGAGGUGAAGAAUACGACCACCUCUUGGCU,1.7375311626000207,Tc-Riboswitches,train
UCUAUGCAAAACAUACCAGAUCGCCACCCGCGCUUUAAUCUGGAGAGGUGAAGAAUACGACCACCUGCAUAG,2.2654795422255494,Tc-Riboswitches,train
AUAAACACAAACAUACCAGAUCGCCACCCGCGCUUUAAUCUGGAGAGGUGAAGAAUACGACCACCGUGUUUA,1.323664613810028,Tc-Riboswitches,train
UCGGAUAGAAACAUACCAGAUCGCCACCCGCGCUUUAAUCUGGAGAGGUGAAGAAUACGACCACCCUAUCCG,2.347496169044057,Tc-Riboswitches,train
GAUACCUUGGAAACAUACCAGAUCGCCACCCGCGCUUUAAUCUGGAGAGGUGAAGAAUACGACCACCCCAAGGUA,2.32172858452325,Tc-Riboswitches,train
CUGAUCAAACAUACCAGAUCGCCACCCGCGCUUUAAUCUGGAGAGGUGAAGAAUACGACCACCGAUCAG,2.0218394139237,Tc-Riboswitches,train
GCCUGAGCAAACAUACCAGAUCGCCACCCGCGCUUUAAUCUGGAGAGGUGAAGAAUACGACCACCGCUCAGG,2.898447166085207,Tc-Riboswitches,train
UAUCGCUAAACAUACCAGAUCGCCACCCGCGCUUUAAUCUGGAGAGGUGAAGAAUACGACCACCAGCGA,2.428129276414056,Tc-Riboswitches,train
UUGCGCCAAAACAUACCAGAUCGCCACCCGCGCUUUAAUCUGGAGAGGUGAAGAAUACGACCACCUGGCGCA,2.351072873754984,Tc-Riboswitches,train
GGCGCAAACAUACCAGAUCGCCACCCGCGCUUUAAUCUGGAGAGGUGAAGAAUACGACCACCGCGC,2.3642757517168174,Tc-Riboswitches,train
CCUGCGGAAAACAUACCAGAUCGCCACCCGCGCUUUAAUCUGGAGAGGUGAAGAAUACGACCACCUCCGCAG,2.60008361279987,Tc-Riboswitches,train
CAACCCCCAAACAUACCAGAUCGCCACCCGCGCUUUAAUCUGGAGAGGUGAAGAAUACGACCACCGGGGGUU,2.2267927741540423,Tc-Riboswitches,train
GCCCUGAGAAACAUACCAGAUCGCCACCCGCGCUUUAAUCUGGAGAGGUGAAGAAUACGACCACCCUCAGGG,2.5662455261795,Tc-Riboswitches,train
GCACACGAUAAACAUACCAGAUCGCCACCCGCGCUUUAAUCUGGAGAGGUGAAGAAUACGACCACCAUCGUGUGC,2.266190706522508,Tc-Riboswitches,train
CGCUUUAUAAACAUACCAGAUCGCCACCCGCGCUUUAAUCUGGAGAGGUGAAGAAUACGACCACCAUAAAGC,2.214166442757284,Tc-Riboswitches,train
GCCUAGAGGAAACAUACCAGAUCGCCACCCGCGCUUUAAUCUGGAGAGGUGAAGAAUACGACCACCCCUCUAGGC,2.9634557800708805,Tc-Riboswitches,train
AAAUUCAAACAUACCAGAUCGCCACCCGCGCUUUAAUCUGGAGAGGUGAAGAAUACGACCACCGAAUUU,2.3083287622810014,Tc-Riboswitches,train
CACAACACGAAACAUACCAGAUCGCCACCCGCGCUUUAAUCUGGAGAGGUGAAGAAUACGACCACCCGUGUUGUG,-0.3370272268578902,Tc-Riboswitches,train
CGACUCGGAAACAUACCAGAUCGCCACCCGCGCUUUAAUCUGGAGAGGUGAAGAAUACGACCACCCCGAGUC,2.255253770085058,Tc-Riboswitches,train
CUCGUCAUUUAAACAUACCAGAUCGCCACCCGCGCUUUAAUCUGGAGAGGUGAAGAAUACGACCACCAAAUGACG,2.197608474348703,Tc-Riboswitches,train
CACCCUCAAAAACAUACCAGAUCGCCACCCGCGCUUUAAUCUGGAGAGGUGAAGAAUACGACCACCUUGAGGGUG,1.3913530472184716,Tc-Riboswitches,train
AACUCGGCAAACAUACCAGAUCGCCACCCGCGCUUUAAUCUGGAGAGGUGAAGAAUACGACCACCGCCGAGU,2.370888671231646,Tc-Riboswitches,train
GACGGAAAACAUACCAGAUCGCCACCCGCGCUUUAAUCUGGAGAGGUGAAGAAUACGACCACCUCCGUC,1.7403612666851558,Tc-Riboswitches,train
CCCCGGAAAAACAUACCAGAUCGCCACCCGCGCUUUAAUCUGGAGAGGUGAAGAAUACGACCACCUUCCGGG,2.391745777422827,Tc-Riboswitches,train
CCGAUUCUAAACAUACCAGAUCGCCACCCGCGCUUUAAUCUGGAGAGGUGAAGAAUACGACCACCAGAAUCG,0.076689470346082,Tc-Riboswitches,train
ACGAGCAAACAUACCAGAUCGCCACCCGCGCUUUAAUCUGGAGAGGUGAAGAAUACGACCACCGCUCGU,2.343640170851018,Tc-Riboswitches,train
AUCUGGGCAAACAUACCAGAUCGCCACCCGCGCUUUAAUCUGGAGAGGUGAAGAAUACGACCACCGCCCAGA,2.472629571186393,Tc-Riboswitches,train
CGCUGGCAAAACAUACCAGAUCGCCACCCGCGCUUUAAUCUGGAGAGGUGAAGAAUACGACCACCUGCCAGC,2.968211855100709,Tc-Riboswitches,train
AAUCGAAAACAUACCAGAUCGCCACCCGCGCUUUAAUCUGGAGAGGUGAAGAAUACGACCACCUCGAUU,1.9685739876809087,Tc-Riboswitches,train
ACCUUCUGAAACAUACCAGAUCGCCACCCGCGCUUUAAUCUGGAGAGGUGAAGAAUACGACCACCCAGAAGG,2.6586503863177824,Tc-Riboswitches,val
GGAUACUAAACAUACCAGAUCGCCACCCGCGCUUUAAUCUGGAGAGGUGAAGAAUACGACCACCAGUAU,2.256179638979616,Tc-Riboswitches,val
CACAGCAAACAUACCAGAUCGCCACCCGCGCUUUAAUCUGGAGAGGUGAAGAAUACGACCACCGCUGUG,2.110371493204356,Tc-Riboswitches,val
GACCGUGCAAACAUACCAGAUCGCCACCCGCGCUUUAAUCUGGAGAGGUGAAGAAUACGACCACCGCACGGU,2.4730707035173696,Tc-Riboswitches,val
GUUCGACCUAAACAUACCAGAUCGCCACCCGCGCUUUAAUCUGGAGAGGUGAAGAAUACGACCACCAGGUCGAAC,1.505250965418577,Tc-Riboswitches,val
AAGCUCUUAGAAACAUACCAGAUCGCCACCCGCGCUUUAAUCUGGAGAGGUGAAGAAUACGACCACCCUAAGAGC,2.455361921944451,Tc-Riboswitches,val
CUUUAGUUUAAACAUACCAGAUCGCCACCCGCGCUUUAAUCUGGAGAGGUGAAGAAUACGACCACCAAACUAAAG,1.7442633791626223,Tc-Riboswitches,val
AAAACGGAAACAUACCAGAUCGCCACCCGCGCUUUAAUCUGGAGAGGUGAAGAAUACGACCACCCCGUU,1.86649426505886,Tc-Riboswitches,val
CUCUUUACAAACAUACCAGAUCGCCACCCGCGCUUUAAUCUGGAGAGGUGAAGAAUACGACCACCGUAAAGA,2.395784435843647,Tc-Riboswitches,val
AUAUAGUAAACAUACCAGAUCGCCACCCGCGCUUUAAUCUGGAGAGGUGAAGAAUACGACCACCACUAU,1.39178583209941,Tc-Riboswitches,val
GCCGUCAAACAUACCAGAUCGCCACCCGCGCUUUAAUCUGGAGAGGUGAAGAAUACGACCACCGACGGC,-0.0448104998803234,Tc-Riboswitches,val
CUUCUUCUGGAAACAUACCAGAUCGCCACCCGCGCUUUAAUCUGGAGAGGUGAAGAAUACGACCACCCCAGAAGA,2.304916937850232,Tc-Riboswitches,val
ACUUUUAAACAUACCAGAUCGCCACCCGCGCUUUAAUCUGGAGAGGUGAAGAAUACGACCACCAAAAGU,2.6641180210097435,Tc-Riboswitches,val
AUUCCGGCAAACAUACCAGAUCGCCACCCGCGCUUUAAUCUGGAGAGGUGAAGAAUACGACCACCGCCGGAA,2.523378252804936,Tc-Riboswitches,val
UCUGGGCAAAACAUACCAGAUCGCCACCCGCGCUUUAAUCUGGAGAGGUGAAGAAUACGACCACCUGCCCAG,2.221756918742387,Tc-Riboswitches,val
UCGCCUGAAAACAUACCAGAUCGCCACCCGCGCUUUAAUCUGGAGAGGUGAAGAAUACGACCACCUCAGGCG,2.4154496755505974,Tc-Riboswitches,val
UACGGACCAAACAUACCAGAUCGCCACCCGCGCUUUAAUCUGGAGAGGUGAAGAAUACGACCACCGGUCCGU,2.724066615358846,Tc-Riboswitches,val
UAAUGUCUCAAAACAUACCAGAUCGCCACCCGCGCUUUAAUCUGGAGAGGUGAAGAAUACGACCACCUGAGACAU,2.467336125620865,Tc-Riboswitches,val
AGUAGGCCAAACAUACCAGAUCGCCACCCGCGCUUUAAUCUGGAGAGGUGAAGAAUACGACCACCGGCCUAC,2.8453011240036195,Tc-Riboswitches,val
UGGUAGAAAACAUACCAGAUCGCCACCCGCGCUUUAAUCUGGAGAGGUGAAGAAUACGACCACCUCUAC,2.1345691606427715,Tc-Riboswitches,val
CGGUCGACAAACAUACCAGAUCGCCACCCGCGCUUUAAUCUGGAGAGGUGAAGAAUACGACCACCGUCGACC,2.7816334450349176,Tc-Riboswitches,val
UCCAGAGGAAACAUACCAGAUCGCCACCCGCGCUUUAAUCUGGAGAGGUGAAGAAUACGACCACCCCUCUGG,2.305980439774816,Tc-Riboswitches,val
AGAAUGGAAACAUACCAGAUCGCCACCCGCGCUUUAAUCUGGAGAGGUGAAGAAUACGACCACCCCAUU,2.92748635577601,Tc-Riboswitches,val
UCGACUAUUAAACAUACCAGAUCGCCACCCGCGCUUUAAUCUGGAGAGGUGAAGAAUACGACCACCAAUAGUCGA,2.50069131044772,Tc-Riboswitches,val
UGAGCACAAACAUACCAGAUCGCCACCCGCGCUUUAAUCUGGAGAGGUGAAGAAUACGACCACCGUGCU,2.249788220416347,Tc-Riboswitches,val
CCUUAGCAAACAUACCAGAUCGCCACCCGCGCUUUAAUCUGGAGAGGUGAAGAAUACGACCACCGCUAA,2.2208136829422704,Tc-Riboswitches,val
UCUCGUGCAAACAUACCAGAUCGCCACCCGCGCUUUAAUCUGGAGAGGUGAAGAAUACGACCACCGCACGAG,2.2272786802335207,Tc-Riboswitches,val
GCUGUUCCAAAACAUACCAGAUCGCCACCCGCGCUUUAAUCUGGAGAGGUGAAGAAUACGACCACCUGGAACAGC,2.496651062929585,Tc-Riboswitches,val
GAGCUGCCAAACAUACCAGAUCGCCACCCGCGCUUUAAUCUGGAGAGGUGAAGAAUACGACCACCGGCAGCU,2.571060928591258,Tc-Riboswitches,val
AGCCGUCGAAACAUACCAGAUCGCCACCCGCGCUUUAAUCUGGAGAGGUGAAGAAUACGACCACCCGACGGC,2.8717344657368287,Tc-Riboswitches,val
UCACAGAGUAAACAUACCAGAUCGCCACCCGCGCUUUAAUCUGGAGAGGUGAAGAAUACGACCACCACUCUGUGA,2.248922690522175,Tc-Riboswitches,val
UAUCAAGUAAAAACAUACCAGAUCGCCACCCGCGCUUUAAUCUGGAGAGGUGAAGAAUACGACCACCUUACUUGA,2.2096969396770696,Tc-Riboswitches,val
UACCCUGCAAACAUACCAGAUCGCCACCCGCGCUUUAAUCUGGAGAGGUGAAGAAUACGACCACCGCAGGGU,2.151428133857447,Tc-Riboswitches,val
CCUGGGUGAAACAUACCAGAUCGCCACCCGCGCUUUAAUCUGGAGAGGUGAAGAAUACGACCACCCACCCAG,2.9355021579824765,Tc-Riboswitches,val
CAUCACCCAAAACAUACCAGAUCGCCACCCGCGCUUUAAUCUGGAGAGGUGAAGAAUACGACCACCUGGGUGAUG,0.0334046149660665,Tc-Riboswitches,val
CUCGCAGCAAACAUACCAGAUCGCCACCCGCGCUUUAAUCUGGAGAGGUGAAGAAUACGACCACCGCUGCGA,1.762052029077103,Tc-Riboswitches,val
CCGCUCGAAACAUACCAGAUCGCCACCCGCGCUUUAAUCUGGAGAGGUGAAGAAUACGACCACCCGAGC,2.232311853054316,Tc-Riboswitches,val
AGGCAUCCAAACAUACCAGAUCGCCACCCGCGCUUUAAUCUGGAGAGGUGAAGAAUACGACCACCGGAUGCC,2.997040365924032,Tc-Riboswitches,val
UCUCGCUAAACAUACCAGAUCGCCACCCGCGCUUUAAUCUGGAGAGGUGAAGAAUACGACCACCAGCGA,2.415654790402855,Tc-Riboswitches,val
CUGGGCAAACAUACCAGAUCGCCACCCGCGCUUUAAUCUGGAGAGGUGAAGAAUACGACCACCGCCCAG,2.506945994118938,Tc-Riboswitches,val
GCUUCAUAAACAUACCAGAUCGCCACCCGCGCUUUAAUCUGGAGAGGUGAAGAAUACGACCACCAUGAA,2.491055590536745,Tc-Riboswitches,val
GUACCUAAACAUACCAGAUCGCCACCCGCGCUUUAAUCUGGAGAGGUGAAGAAUACGACCACCAGGUAC,1.6846902981676817,Tc-Riboswitches,val
GGCUAGAAACAUACCAGAUCGCCACCCGCGCUUUAAUCUGGAGAGGUGAAGAAUACGACCACCCUAGCC,1.8008335050684496,Tc-Riboswitches,val
UCUCGGAAACAUACCAGAUCGCCACCCGCGCUUUAAUCUGGAGAGGUGAAGAAUACGACCACCCCGAGA,1.978003380885376,Tc-Riboswitches,val
GGAUUGGAAAACAUACCAGAUCGCCACCCGCGCUUUAAUCUGGAGAGGUGAAGAAUACGACCACCUCCAAUC,2.2322532630660428,Tc-Riboswitches,val
CACUGGAAAACAUACCAGAUCGCCACCCGCGCUUUAAUCUGGAGAGGUGAAGAAUACGACCACCUCCAG,1.9882011349447704,Tc-Riboswitches,val
CCGAGCAAACAUACCAGAUCGCCACCCGCGCUUUAAUCUGGAGAGGUGAAGAAUACGACCACCGCUCGG,1.7699361317940825,Tc-Riboswitches,val
AGUCAUUAAAACAUACCAGAUCGCCACCCGCGCUUUAAUCUGGAGAGGUGAAGAAUACGACCACCUAAUGAC,2.2865097195497315,Tc-Riboswitches,val
GGCCCCAAACAUACCAGAUCGCCACCCGCGCUUUAAUCUGGAGAGGUGAAGAAUACGACCACCGGGGCC,2.7286530320600177,Tc-Riboswitches,val
CAACAGGAAACAUACCAGAUCGCCACCCGCGCUUUAAUCUGGAGAGGUGAAGAAUACGACCACCCCUGU,2.503153814636112,Tc-Riboswitches,val
UCAGAGUCAAAACAUACCAGAUCGCCACCCGCGCUUUAAUCUGGAGAGGUGAAGAAUACGACCACCUGACUCUGA,2.228578871157536,Tc-Riboswitches,val
CACGGGAAACAUACCAGAUCGCCACCCGCGCUUUAAUCUGGAGAGGUGAAGAAUACGACCACCCCCGUG,2.390981596879715,Tc-Riboswitches,val
GCAUACCCAAAACAUACCAGAUCGCCACCCGCGCUUUAAUCUGGAGAGGUGAAGAAUACGACCACCUGGGUAUGC,2.5335400986157244,Tc-Riboswitches,val
UCAGAGGCAAACAUACCAGAUCGCCACCCGCGCUUUAAUCUGGAGAGGUGAAGAAUACGACCACCGCCUCUG,2.6931758010887616,Tc-Riboswitches,test
UGUCCUAGUAAACAUACCAGAUCGCCACCCGCGCUUUAAUCUGGAGAGGUGAAGAAUACGACCACCACUAGGACA,1.9046335172549265,Tc-Riboswitches,test
AUUGACCAAAACAUACCAGAUCGCCACCCGCGCUUUAAUCUGGAGAGGUGAAGAAUACGACCACCUGGUCAA,2.5302643150159643,Tc-Riboswitches,test
AACUGGGUAAACAUACCAGAUCGCCACCCGCGCUUUAAUCUGGAGAGGUGAAGAAUACGACCACCACCCAGU,1.968499586129025,Tc-Riboswitches,test
GUAGAGUAAACAUACCAGAUCGCCACCCGCGCUUUAAUCUGGAGAGGUGAAGAAUACGACCACCACUCU,2.068157717633091,Tc-Riboswitches,test
CGUGACCGAAACAUACCAGAUCGCCACCCGCGCUUUAAUCUGGAGAGGUGAAGAAUACGACCACCCGGUCAC,2.55236156236888,Tc-Riboswitches,test
CUUACGCUUAAACAUACCAGAUCGCCACCCGCGCUUUAAUCUGGAGAGGUGAAGAAUACGACCACCAAGCGUAAG,2.2766516437501343,Tc-Riboswitches,test
UGGCUGGAUCAAACAUACCAGAUCGCCACCCGCGCUUUAAUCUGGAGAGGUGAAGAAUACGACCACCGAUCCAGC,2.055954185836869,Tc-Riboswitches,test
UCGCGAGCAAACAUACCAGAUCGCCACCCGCGCUUUAAUCUGGAGAGGUGAAGAAUACGACCACCGCUCGCG,3.032310374600835,Tc-Riboswitches,test
UCUGACAAACAUACCAGAUCGCCACCCGCGCUUUAAUCUGGAGAGGUGAAGAAUACGACCACCGUCAGA,1.6488972966292574,Tc-Riboswitches,test
UCUGAGAAACAUACCAGAUCGCCACCCGCGCUUUAAUCUGGAGAGGUGAAGAAUACGACCACCCUCAGA,0.0107540190327816,Tc-Riboswitches,test
AACACCAAACAUACCAGAUCGCCACCCGCGCUUUAAUCUGGAGAGGUGAAGAAUACGACCACCGGUGUU,1.924627239961381,Tc-Riboswitches,test
GAAGAAACACAAACAUACCAGAUCGCCACCCGCGCUUUAAUCUGGAGAGGUGAAGAAUACGACCACCGUGUUUCU,2.4266769177506093,Tc-Riboswitches,test
CUUUCUCCUCAAACAUACCAGAUCGCCACCCGCGCUUUAAUCUGGAGAGGUGAAGAAUACGACCACCGAGGAGAA,2.3222260338096707,Tc-Riboswitches,test
UAGGGCUCAAACAUACCAGAUCGCCACCCGCGCUUUAAUCUGGAGAGGUGAAGAAUACGACCACCGAGCCCU,2.7767228255404377,Tc-Riboswitches,test
UCGGAACCAAACAUACCAGAUCGCCACCCGCGCUUUAAUCUGGAGAGGUGAAGAAUACGACCACCGGUUCCG,2.844172288708283,Tc-Riboswitches,test
CUGGACGCAAACAUACCAGAUCGCCACCCGCGCUUUAAUCUGGAGAGGUGAAGAAUACGACCACCGCGUCCA,2.8054210919761875,Tc-Riboswitches,test
UCCCCCAAUAAACAUACCAGAUCGCCACCCGCGCUUUAAUCUGGAGAGGUGAAGAAUACGACCACCAUUGGGGGA,0.3527212654650138,Tc-Riboswitches,test
CACACCCCGAAACAUACCAGAUCGCCACCCGCGCUUUAAUCUGGAGAGGUGAAGAAUACGACCACCCGGGGUGUG,1.8435417908711484,Tc-Riboswitches,test
ACGGUCACAAACAUACCAGAUCGCCACCCGCGCUUUAAUCUGGAGAGGUGAAGAAUACGACCACCGUGACCG,2.3923442009044527,Tc-Riboswitches,test
ACGGUGACAAACAUACCAGAUCGCCACCCGCGCUUUAAUCUGGAGAGGUGAAGAAUACGACCACCGUCACCG,2.65283833893598,Tc-Riboswitches,test
CCGAGCUAAACAUACCAGAUCGCCACCCGCGCUUUAAUCUGGAGAGGUGAAGAAUACGACCACCAGCUC,0.1807050781817957,Tc-Riboswitches,test
CUUACAGCUAAACAUACCAGAUCGCCACCCGCGCUUUAAUCUGGAGAGGUGAAGAAUACGACCACCAGCUGUAAG,2.3269410965778445,Tc-Riboswitches,test
CGAGCGCUAAACAUACCAGAUCGCCACCCGCGCUUUAAUCUGGAGAGGUGAAGAAUACGACCACCAGCGCUC,2.941065061491344,Tc-Riboswitches,test
GAGGAGAAAACAUACCAGAUCGCCACCCGCGCUUUAAUCUGGAGAGGUGAAGAAUACGACCACCUCUCC,1.291760022542783,Tc-Riboswitches,test
ACACACAAACAUACCAGAUCGCCACCCGCGCUUUAAUCUGGAGAGGUGAAGAAUACGACCACCGUGUGU,1.7820363973077693,Tc-Riboswitches,test
CGGGGGAAUAAACAUACCAGAUCGCCACCCGCGCUUUAAUCUGGAGAGGUGAAGAAUACGACCACCAUUCCCCCG,1.8865432256532653,Tc-Riboswitches,test
CCUCUUCUCAAAACAUACCAGAUCGCCACCCGCGCUUUAAUCUGGAGAGGUGAAGAAUACGACCACCUGAGAAGA,1.6276855526216405,Tc-Riboswitches,test
CGGCCGAUAAACAUACCAGAUCGCCACCCGCGCUUUAAUCUGGAGAGGUGAAGAAUACGACCACCAUCGGCC,3.00035040981346,Tc-Riboswitches,test
UCGCCAGAAAACAUACCAGAUCGCCACCCGCGCUUUAAUCUGGAGAGGUGAAGAAUACGACCACCUCUGGCG,2.433602508192496,Tc-Riboswitches,test
UCGAGCGCAAACAUACCAGAUCGCCACCCGCGCUUUAAUCUGGAGAGGUGAAGAAUACGACCACCGCGCUCG,2.54146256099626,Tc-Riboswitches,test
ACUAAUAGAAAACAUACCAGAUCGCCACCCGCGCUUUAAUCUGGAGAGGUGAAGAAUACGACCACCUCUAUUAGU,2.747074538242202,Tc-Riboswitches,test
AGCGUCCGAAACAUACCAGAUCGCCACCCGCGCUUUAAUCUGGAGAGGUGAAGAAUACGACCACCCGGACGC,2.5801194553819133,Tc-Riboswitches,test
GAUAAGAAAACAUACCAGAUCGCCACCCGCGCUUUAAUCUGGAGAGGUGAAGAAUACGACCACCUCUUA,1.704586664043768,Tc-Riboswitches,test
GCAGACCAAAACAUACCAGAUCGCCACCCGCGCUUUAAUCUGGAGAGGUGAAGAAUACGACCACCUGGUCUG,2.332987114538016,Tc-Riboswitches,test
AUUGUGUAAACAUACCAGAUCGCCACCCGCGCUUUAAUCUGGAGAGGUGAAGAAUACGACCACCACACA,1.5312991553952142,Tc-Riboswitches,test
GGCUCAAGUCAAACAUACCAGAUCGCCACCCGCGCUUUAAUCUGGAGAGGUGAAGAAUACGACCACCGACUUGAG,2.684762408135306,Tc-Riboswitches,test
AUAGUUCCGAAACAUACCAGAUCGCCACCCGCGCUUUAAUCUGGAGAGGUGAAGAAUACGACCACCCGGAACUAU,2.1150123730019925,Tc-Riboswitches,test
GAGGCCUCAAACAUACCAGAUCGCCACCCGCGCUUUAAUCUGGAGAGGUGAAGAAUACGACCACCGAGGCCU,1.9962470490377864,Tc-Riboswitches,test
AGCCAAAGAAAACAUACCAGAUCGCCACCCGCGCUUUAAUCUGGAGAGGUGAAGAAUACGACCACCUCUUUGGCU,2.3250090922952413,Tc-Riboswitches,test
ACCUCUAAACAUACCAGAUCGCCACCCGCGCUUUAAUCUGGAGAGGUGAAGAAUACGACCACCAGAGGU,1.8601673833777657,Tc-Riboswitches,test
CGUCGCAUAAAACAUACCAGAUCGCCACCCGCGCUUUAAUCUGGAGAGGUGAAGAAUACGACCACCUAUGCGACG,-0.3257332198952722,Tc-Riboswitches,test
GUGACCCAAACAUACCAGAUCGCCACCCGCGCUUUAAUCUGGAGAGGUGAAGAAUACGACCACCGGGUC,1.7132608585811189,Tc-Riboswitches,test
AGGCUCCUAAACAUACCAGAUCGCCACCCGCGCUUUAAUCUGGAGAGGUGAAGAAUACGACCACCAGGAGCC,2.9153335649333862,Tc-Riboswitches,test
CACUGGACAAACAUACCAGAUCGCCACCCGCGCUUUAAUCUGGAGAGGUGAAGAAUACGACCACCGUCCAGU,2.7308251695514523,Tc-Riboswitches,test
CUCGUACACAAACAUACCAGAUCGCCACCCGCGCUUUAAUCUGGAGAGGUGAAGAAUACGACCACCGUGUACGAG,1.973423932698674,Tc-Riboswitches,test
GGUGUGCCAAACAUACCAGAUCGCCACCCGCGCUUUAAUCUGGAGAGGUGAAGAAUACGACCACCGGCACAC,1.958063926485608,Tc-Riboswitches,test
ACUCUGGCAAACAUACCAGAUCGCCACCCGCGCUUUAAUCUGGAGAGGUGAAGAAUACGACCACCGCCAGAG,2.53615809413985,Tc-Riboswitches,test
CGAAACACGAAACAUACCAGAUCGCCACCCGCGCUUUAAUCUGGAGAGGUGAAGAAUACGACCACCCGUGUUUCG,2.055820093269744,Tc-Riboswitches,test
GGCUCCUAAACAUACCAGAUCGCCACCCGCGCUUUAAUCUGGAGAGGUGAAGAAUACGACCACCAGGAG,2.8106817582820613,Tc-Riboswitches,test
UCAGCCAGAAACAUACCAGAUCGCCACCCGCGCUUUAAUCUGGAGAGGUGAAGAAUACGACCACCCUGGCUG,2.8768566735233323,Tc-Riboswitches,test
CGUCGGCAAAACAUACCAGAUCGCCACCCGCGCUUUAAUCUGGAGAGGUGAAGAAUACGACCACCUGCCGAC,2.9755265193287683,Tc-Riboswitches,test
AGUCCACAAACAUACCAGAUCGCCACCCGCGCUUUAAUCUGGAGAGGUGAAGAAUACGACCACCGUGGA,1.6558541869988956,Tc-Riboswitches,test
AUAUACAAACAUACCAGAUCGCCACCCGCGCUUUAAUCUGGAGAGGUGAAGAAUACGACCACCGUAUAU,1.4461588932637424,Tc-Riboswitches,test
